TIME:12:59:29,AM,IR1:30,IR2:45,US:76
TIME:12:59:30,AM,IR1:45,IR2:30,US:70
TIME:12:59:31,AM,IR1:60,IR2:30,US:58
TIME:12:59:32,AM,IR1:45,IR2:10,5 US:85
TIME:12:59:33,AM,IR1:15,IR2:60,US:41
TIME:12:59:34,AM,IR1:30,IR2:60,US:31
TIME:12:59:35,AM,IR1:15,IR2:45,US:82
TIME:12:59:36,AM,IR1:30,IR2:30,US:62
TIME:12:59:37,AM,IR1:60,IR2:60,US:46
TIME:12:59:37,AM,IR1:30,IR2:60,US:36
TIME:12:59:39,AM,IR1:30,IR2:45,US:30
TIME:12:59:39,AM,IR1:30,IR2:30,US:108
TIME:12:59:40,AM,IR1:30,IR2:30,US:102
TIME:12:59:41,AM,IR1:30,IR2:30,US:94
TIME:12:59:42,AM,IR1:30,IR2:30,US:82
TIME:12:59:43,AM,IR1:30,IR2:60,US:68
TIME:12:59:44,AM,IR1:60,IR2:60,US:52
TIME:12:59:45,AM,IR1:60,IR2:30,US:44
TIME:12:59:46,AM,IR1:30,IR2:30,US:34
TIME:12:59:47,AM,IR1:30,IR2:30,US:20
TIME:12:59:48,AM,IR1:15,IR2:30,US:13
TIME:12:59:48,AM,IR1:15,IR2:60,US:68
TIME:12:59:49,AM,IR1:30,IR2:45,US:100
TIME:12:59:50,AM,IR1:30,IR2:30,US:89
TIME:12:59:51,AM,IR1:60,IR2:45,US:83
TIME:12:59:52,AM,IR1:45,IR2:30,US:68
TIME:12:59:53,AM,IR1:30,IR2:45,US:56
TIME:12:59:53,AM,IR1:30,IR2:45,US:81
TIME:12:59:54,AM,IR1:30,IR2:30,US:114
TIME:12:59:55,AM,IR1:30,IR2:30,US:59
TIME:12:59:56,AM,IR1:45,IR2:30,US:87
TIME:12:59:57,AM,IR1:45,IR2:60,US:70
TIME:12:59:58,AM,IR1:60,IR2:30,US:54
TIME:12:59:58,AM,IR1:60,IR2:45,US:50
TIME:1:00:00,AM,IR1:30,IR2:30,US:47
TIME:1:00:01,AM,IR1:30,IR2:30,US:33
TIME:1:00:01,AM,IR1:15,IR2:30,US:24
TIME:1:00:02,AM,IR1:30,IR2:30,US:18
TIME:1:00:03,AM,IR1:15,IR2:30,US:13
TIME:1:00:04,AM,IR1:15,IR2:30,US:136
TIME:1:00:05,AM,IR1:30,IR2:30,US:125
TIME:1:00:06,AM,IR1:30,IR2:60,US:106
TIME:1:00:07,AM,IR1:45,IR2:30,US:92
TIME:1:00:09,AM,IR1:60,IR2:45,US:78
TIME:1:00:10,AM,IR1:45,IR2:60,US:62
TIME:1:00:11,AM,IR1:30,IR2:30,US:48
TIME:1:00:12,AM,IR1:30,IR2:60,US:223
TIME:1:00:13,AM,IR1:30,IR2:60,US:26
TIME:1:00:13,AM,IR1:30,IR2:30,US:20
TIME:1:00:14,AM,IR1:30,IR2:60,US:16
TIME:1:00:14,AM,IR1:45,IR2:45,US:191
TIME:1:00:15,AM,IR1:30,IR2:30,US:10
TIME:1:00:16,AM,IR1:15,IR2:60,US:5
TIME:1:00:16,AM,IR1:15,IR2:30,US:88
TIME:1:00:17,AM,IR1:30,IR2:75,US:83
TIME:1:00:17,AM,IR1:30,IR2:30,US:82
TIME:1:00:18,AM,IR1:45,IR2:60,US:70
TIME:1:00:19,AM,IR1:30,IR2:30,US:61
TIME:1:00:19,AM,IR1:45,IR2:45,US:57
TIME:1:00:19,AM,IR1:30,IR2:60,US:49
TIME:1:00:20,AM,IR1:30,IR2:30,US:41
TIME:1:00:21,AM,IR1:30,IR2:60,US:37
TIME:1:00:21,AM,IR1:30,IR2:30,US:33
TIME:1:00:22,AM,IR1:30,IR2:60,US:29
TIME:1:00:22,AM,IR1:30,IR2:75,US:73
TIME:1:00:23,AM,IR1:30,IR2:45,US:64
TIME:1:00:23,AM,IR1:30,IR2:60,US:62
TIME:1:00:24,AM,IR1:45,IR2:60,US:56
TIME:1:00:24,AM,IR1:30,IR2:45,US:89
TIME:1:00:25,AM,IR1:30,IR2:75,US:83
TIME:1:00:25,AM,IR1:30,IR2:60,US:76
TIME:1:00:26,AM,IR1:30,IR2:60,US:70
TIME:1:00:26,AM,IR1:45,IR2:45,US:115
TIME:1:00:27,AM,IR1:45,IR2:30,US:90
TIME:1:00:28,AM,IR1:45,IR2:45,US:78
TIME:1:00:28,AM,IR1:45,IR2:60,US:120
TIME:1:00:29,AM,IR1:30,IR2:60,US:116
TIME:1:00:29,AM,IR1:45,IR2:90,US:102
TIME:1:00:30,AM,IR1:30,IR2:45,US:92
TIME:1:00:30,AM,IR1:30,IR2:60,US:84
TIME:1:00:31,AM,IR1:30,IR2:45,US:76
TIME:1:00:31,AM,IR1:30,IR2:60,US:68
TIME:1:00:32,AM,IR1:30,IR2:60,US:62
TIME:1:00:32,AM,IR1:15,IR2:30,US:47
TIME:1:00:33,AM,IR1:15,IR2:30,US:53
TIME:1:00:34,AM,IR1:30,IR2:30,US:50
TIME:1:00:34,AM,IR1:30,IR2:45,US:45
TIME:1:00:35,AM,IR1:30,IR2:30,US:41
TIME:1:00:35,AM,IR1:15,IR2:45,US:111
TIME:1:00:36,AM,IR1:30,IR2:45,US:104
TIME:1:00:36,AM,IR1:30,IR2:30,US:93
TIME:1:00:37,AM,IR1:15,IR2:45,US:87
TIME:1:00:38,AM,IR1:30,IR2:30,US:20
TIME:1:00:38,AM,IR1:30,IR2:75,US:72
TIME:1:00:39,AM,IR1:30,IR2:30,US:69
TIME:1:00:39,AM,IR1:30,IR2:60,US:63
TIME:1:00:40,AM,IR1:30,IR2:60,US:123
TIME:1:00:40,AM,IR1:60,IR2:45,US:105
TIME:1:00:41,AM,IR1:30,IR2:45,US:108
TIME:1:00:41,AM,IR1:30,IR2:60,US:98
TIME:1:00:42,AM,IR1:45,IR2:30,US:92
TIME:1:00:43,AM,IR1:30,IR2:60,US:83
TIME:1:00:43,AM,IR1:30,IR2:60,US:72
TIME:1:00:44,AM,IR1:30,IR2:30,US:65
TIME:1:00:44,AM,IR1:30,IR2:60,US:57
TIME:1:00:45,AM,IR1:30,IR2:45,US:51
TIME:1:00:45,AM,IR1:30,IR2:30,US:45
TIME:1:00:46,AM,IR1:30,IR2:90,US:45
TIME:1:00:46,AM,IR1:30,IR2:45,US:69
TIME:1:00:47,AM,IR1:45,IR2:30,US:114
TIME:1:00:47,AM,IR1:45,IR2:60,US:105
TIME:1:00:48,AM,IR1:30,IR2:60,US:99
TIME:1:00:48,AM,IR1:15,IR2:30,US:90
TIME:1:00:49,AM,IR1:45,IR2:75,US:83
TIME:1:00:50,AM,IR1:30,IR2:60,US:75
TIME:1:00:50,AM,IR1:30,IR2:60,US:69
TIME:1:00:51,AM,IR1:45,IR2:45,US:61
TIME:1:00:51,AM,IR1:30,IR2:30,US:133
TIME:1:00:52,AM,IR1:30,IR2:45,US:126
TIME:1:00:52,AM,IR1:30,IR2:30,US:113
TIME:1:00:53,AM,IR1:30,IR2:30,US:115
TIME:1:00:53,AM,IR1:30,IR2:60,US:86
TIME:1:00:54,AM,IR1:30,IR2:45,US:102
TIME:1:00:54,AM,IR1:30,IR2:30,US:93
TIME:1:00:55,AM,IR1:30,IR2:60,US:84
TIME:1:00:56,AM,IR1:30,IR2:90,US:63
TIME:1:00:56,AM,IR1:30,IR2:60,US:69
TIME:1:00:57,AM,IR1:30,IR2:30,US:63
TIME:1:00:57,AM,IR1:30,IR2:60,US:60
TIME:1:00:58,AM,IR1:30,IR2:60,US:54
TIME:1:00:58,AM,IR1:30,IR2:60,US:116
TIME:1:00:59,AM,IR1:30,IR2:30,US:103
TIME:1:00:59,AM,IR1:30,IR2:60,US:97
TIME:1:01:01,AM,IR1:15,IR2:30,US:88
TIME:1:01:01,AM,IR1:15,IR2:60,US:81
TIME:1:01:01,AM,IR1:30,IR2:90,US:76
TIME:1:01:02,AM,IR1:45,IR2:60,US:70
TIME:1:01:02,AM,IR1:30,IR2:30,US:65
TIME:1:01:03,AM,IR1:30,IR2:45,US:57
TIME:1:01:03,AM,IR1:45,IR2:30,US:51
TIME:1:01:04,AM,IR1:30,IR2:15,US:46
TIME:1:01:04,AM,IR1:30,IR2:60,US:41
TIME:1:01:05,AM,IR1:30,IR2:45,US:36
TIME:1:01:05,AM,IR1:30,IR2:60,US:138
TIME:1:01:06,AM,IR1:30,IR2:45,US:23
TIME:1:01:06,AM,IR1:30,IR2:30,US:189
TIME:1:01:07,AM,IR1:30,IR2:45,US:87
TIME:1:01:07,AM,IR1:30,IR2:30,US:79
TIME:1:01:08,AM,IR1:45,IR2:45,US:71
TIME:1:01:09,AM,IR1:15,IR2:30,US:64
TIME:1:01:09,AM,IR1:15,IR2:60,US:62
TIME:1:01:10,AM,IR1:15,IR2:75,US:112
TIME:1:01:10,AM,IR1:15,IR2:45,US:91
TIME:1:01:11,AM,IR1:45,IR2:60,US:122
TIME:1:01:12,AM,IR1:45,IR2:60,US:137
TIME:1:01:12,AM,IR1:30,IR2:45,US:67
TIME:1:01:13,AM,IR1:45,IR2:45,US:64
TIME:1:01:13,AM,IR1:60,IR2:60,US:109
TIME:1:01:14,AM,IR1:60,IR2:45,US:92
TIME:1:01:14,AM,IR1:60,IR2:45,US:83
TIME:1:01:15,AM,IR1:60,IR2:30,US:74
TIME:1:01:15,AM,IR1:45,IR2:30,US:67
TIME:1:01:16,AM,IR1:30,IR2:60,US:58
TIME:1:01:16,AM,IR1:60,IR2:60,US:53
TIME:1:01:17,AM,IR1:60,IR2:45,US:44
TIME:1:01:17,AM,IR1:60,IR2:30,US:35
TIME:1:01:18,AM,IR1:45,IR2:30,US:28
TIME:1:01:19,AM,IR1:60,IR2:30,US:82
TIME:1:01:19,AM,IR1:45,IR2:30,US:71
TIME:1:01:20,AM,IR1:60,IR2:30,US:63
TIME:1:01:20,AM,IR1:60,IR2:60,US:302
TIME:1:01:21,AM,IR1:60,IR2:30,US:50
TIME:1:01:21,AM,IR1:60,IR2:30,US:46
TIME:1:01:22,AM,IR1:60,IR2:75,US:112
TIME:1:01:23,AM,IR1:60,IR2:45,US:72
TIME:1:01:23,AM,IR1:60,IR2:30,US:94
TIME:1:01:24,AM,IR1:30,IR2:75,US:88
TIME:1:01:24,AM,IR1:30,IR2:45,US:84
TIME:1:01:25,AM,IR1:30,IR2:30,US:16
TIME:1:01:25,AM,IR1:30,IR2:60,US:9
TIME:1:01:26,AM,IR1:15,IR2:15,US:3
TIME:1:01:26,AM,IR1:75,IR2:30,US:69
TIME:1:01:27,AM,IR1:30,IR2:30,US:50
TIME:1:01:27,AM,IR1:45,IR2:90,US:53
TIME:1:01:28,AM,IR1:45,IR2:60,US:46
TIME:1:01:28,AM,IR1:30,IR2:60,US:43
TIME:1:01:29,AM,IR1:30,IR2:30,US:33
TIME:1:01:30,AM,IR1:30,IR2:30,US:27
TIME:1:01:30,AM,IR1:30,IR2:45,US:20
TIME:1:01:31,AM,IR1:15,IR2:15,US:17
TIME:1:01:31,AM,IR1:15,IR2:15,US:15
TIME:1:01:32,AM,IR1:90,IR2:15,US:193
TIME:1:01:32,AM,IR1:15,IR2:15,US:110
TIME:1:01:33,AM,IR1:15,IR2:15,US:110
TIME:1:01:33,AM,IR1:15,IR2:15,US:111
TIME:1:01:34,AM,IR1:15,IR2:15,US:110
TIME:1:01:34,AM,IR1:15,IR2:15,US:110
TIME:1:01:35,AM,IR1:15,IR2:15,US:110
TIME:1:01:35,AM,IR1:15,IR2:15,US:110
TIME:1:01:36,AM,IR1:15,IR2:15,US:206
TIME:1:01:37,AM,IR1:15,IR2:15,US:110
TIME:1:01:37,AM,IR1:15,IR2:15,US:111
TIME:1:01:38,AM,IR1:15,IR2:15,US:111
TIME:1:01:39,AM,IR1:15,IR2:15,US:110
TIME:1:01:39,AM,IR1:15,IR2:15,US:108
TIME:1:01:40,AM,IR1:15,IR2:15,US:110
TIME:1:01:40,AM,IR1:15,IR2:15,US:111
TIME:1:01:41,AM,IR1:15,IR2:15,US:110
TIME:1:01:41,AM,IR1:15,IR2:15,US:110
TIME:1:01:42,AM,IR1:15,IR2:15,US:110
TIME:1:01:42,AM,IR1:15,IR2:15,US:110
TIME:1:01:43,AM,IR1:15,IR2:15,US:110
TIME:1:01:43,AM,IR1:15,IR2:15,US:110
TIME:1:01:44,AM,IR1:15,IR2:15,US:110
TIME:1:01:44,AM,IR1:15,IR2:15,US:110
TIME:1:01:45,AM,IR1:15,IR2:15,US:110
TIME:1:01:46,AM,IR1:15,IR2:30,US:110
TIME:1:01:46,AM,IR1:15,IR2:30,US:109
TIME:1:01:47,AM,IR1:30,IR2:15,US:105
TIME:1:01:48,AM,IR1:45,IR2:15,US:127
TIME:1:01:48,AM,IR1:45,IR2:30,US:95
TIME:1:01:49,AM,IR1:30,IR2:30,US:90
TIME:1:01:49,AM,IR1:45,IR2:30,US:86
TIME:1:01:50,AM,IR1:60,IR2:60,US:99
TIME:1:01:50,AM,IR1:30,IR2:30,US:105
TIME:1:01:51,AM,IR1:45,IR2:45,US:91
TIME:1:01:51,AM,IR1:45,IR2:30,US:97
TIME:1:02:16,AM,IR1:60,IR2:60,US:41
TIME:1:02:16,AM,IR1:60,IR2:45,US:50
TIME:1:02:16,AM,IR1:60,IR2:30,US:32
TIME:1:02:17,AM,IR1:45,IR2:60,US:29
TIME:1:02:17,AM,IR1:45,IR2:15,US:113
TIME:1:02:18,AM,IR1:60,IR2:15,US:101
TIME:1:02:19,AM,IR1:30,IR2:30,US:85
TIME:1:02:19,AM,IR1:45,IR2:60,US:88
TIME:1:02:19,AM,IR1:45,IR2:60,US:77
TIME:1:02:20,AM,IR1:45,IR2:30,US:69
TIME:1:02:20,AM,IR1:30,IR2:75,US:61
TIME:1:02:21,AM,IR1:60,IR2:30,US:54
TIME:1:02:22,AM,IR1:45,IR2:60,US:46
TIME:1:02:22,AM,IR1:45,IR2:30,US:39
TIME:1:02:23,AM,IR1:60,IR2:30,US:32
TIME:1:02:24,AM,IR1:60,IR2:45,US:30
TIME:1:02:24,AM,IR1:45,IR2:15,US:108
TIME:1:02:24,AM,IR1:45,IR2:60,US:98
TIME:1:02:26,AM,IR1:60,IR2:45,US:66
TIME:1:02:26,AM,IR1:45,IR2:60,US:83
TIME:1:02:26,AM,IR1:30,IR2:90,US:75
TIME:1:02:26,AM,IR1:90,IR2:45,US:68
TIME:1:02:28,AM,IR1:60,IR2:60,US:60
TIME:1:02:28,AM,IR1:45,IR2:30,US:51
TIME:1:02:28,AM,IR1:45,IR2:45,US:43
TIME:1:02:29,AM,IR1:45,IR2:60,US:40
TIME:1:02:29,AM,IR1:60,IR2:30,US:29
TIME:1:02:30,AM,IR1:60,IR2:30,US:122
TIME:1:02:30,AM,IR1:60,IR2:30,US:113
TIME:1:02:31,AM,IR1:45,IR2:15,US:104
TIME:1:02:31,AM,IR1:45,IR2:30,US:97
TIME:1:02:32,AM,IR1:45,IR2:45,US:89
TIME:1:02:32,AM,IR1:60,IR2:30,US:83
TIME:1:02:33,AM,IR1:60,IR2:45,US:76
TIME:1:02:33,AM,IR1:60,IR2:90,US:67
TIME:1:02:34,AM,IR1:60,IR2:45,US:60
TIME:1:02:35,AM,IR1:60,IR2:45,US:52
TIME:1:02:35,AM,IR1:60,IR2:45,US:107
TIME:1:02:36,AM,IR1:60,IR2:30,US:95
TIME:1:02:36,AM,IR1:60,IR2:30,US:84
TIME:1:02:37,AM,IR1:60,IR2:30,US:19
TIME:1:02:37,AM,IR1:45,IR2:30,US:69
TIME:1:02:38,AM,IR1:45,IR2:60,US:117
TIME:1:02:38,AM,IR1:45,IR2:30,US:64
TIME:1:02:40,AM,IR1:60,IR2:30,US:94
TIME:1:02:40,AM,IR1:60,IR2:45,US:85
TIME:1:02:40,AM,IR1:60,IR2:30,US:77
TIME:1:02:41,AM,IR1:60,IR2:45,US:67
TIME:1:02:41,AM,IR1:45,IR2:30,US:58
TIME:1:02:42,AM,IR1:30,IR2:90,US:50
TIME:1:02:43,AM,IR1:45,IR2:45,US:45
TIME:1:02:43,AM,IR1:60,IR2:30,US:92
TIME:1:02:43,AM,IR1:60,IR2:30,US:79
TIME:1:02:44,AM,IR1:30,IR2:60,US:70
TIME:1:02:44,AM,IR1:45,IR2:30,US:63
TIME:1:02:45,AM,IR1:60,IR2:30,US:57
TIME:1:02:45,AM,IR1:60,IR2:30,US:51
TIME:1:02:46,AM,IR1:60,IR2:30,US:115
TIME:1:02:46,AM,IR1:45,IR2:30,US:98
TIME:1:02:48,AM,IR1:45,IR2:30,US:90
TIME:1:02:48,AM,IR1:60,IR2:60,US:82
TIME:1:02:48,AM,IR1:45,IR2:60,US:78
TIME:1:02:49,AM,IR1:60,IR2:60,US:64
TIME:1:02:49,AM,IR1:60,IR2:60,US:53
TIME:1:02:50,AM,IR1:60,IR2:60,US:43
TIME:1:02:51,AM,IR1:60,IR2:60,US:32
TIME:1:02:51,AM,IR1:60,IR2:30,US:28
TIME:1:02:51,AM,IR1:60,IR2:30,US:96
TIME:1:02:52,AM,IR1:45,IR2:60,US:82
TIME:1:02:53,AM,IR1:60,IR2:30,US:73
TIME:1:02:53,AM,IR1:60,IR2:30,US:65
TIME:1:02:54,AM,IR1:60,IR2:90,US:48
TIME:1:02:54,AM,IR1:60,IR2:30,US:55
TIME:1:02:55,AM,IR1:60,IR2:60,US:116
TIME:1:02:55,AM,IR1:60,IR2:15,US:106
TIME:1:02:56,AM,IR1:45,IR2:30,US:99
TIME:1:02:56,AM,IR1:30,IR2:60,US:93
TIME:1:02:57,AM,IR1:45,IR2:15,US:90
TIME:1:02:57,AM,IR1:30,IR2:15,US:123
TIME:1:02:58,AM,IR1:45,IR2:60,US:86
TIME:1:02:59,AM,IR1:30,IR2:30,US:79
TIME:1:02:59,AM,IR1:30,IR2:45,US:73
TIME:1:03:00,AM,IR1:30,IR2:30,US:46
TIME:1:03:00,AM,IR1:15,IR2:75,US:60
TIME:1:03:01,AM,IR1:30,IR2:30,US:56
TIME:1:03:01,AM,IR1:30,IR2:45,US:52
TIME:1:03:02,AM,IR1:30,IR2:30,US:86
TIME:1:03:02,AM,IR1:30,IR2:30,US:81
TIME:1:03:03,AM,IR1:15,IR2:60,US:65
TIME:1:03:04,AM,IR1:15,IR2:30,US:36
TIME:1:03:04,AM,IR1:15,IR2:75,US:53
TIME:1:03:05,AM,IR1:30,IR2:30,US:47
TIME:1:03:05,AM,IR1:30,IR2:75,US:41
TIME:1:03:06,AM,IR1:30,IR2:60,US:67
TIME:1:03:06,AM,IR1:30,IR2:90,US:103
TIME:1:03:07,AM,IR1:30,IR2:45,US:92
TIME:1:03:07,AM,IR1:30,IR2:30,US:83
TIME:1:03:08,AM,IR1:30,IR2:75,US:77
TIME:1:03:08,AM,IR1:30,IR2:60,US:400
TIME:1:03:09,AM,IR1:45,IR2:60,US:109
TIME:1:03:09,AM,IR1:60,IR2:90,US:107
TIME:1:03:10,AM,IR1:60,IR2:60,US:56
TIME:1:03:11,AM,IR1:30,IR2:60,US:75
TIME:1:03:11,AM,IR1:30,IR2:60,US:79
TIME:1:03:12,AM,IR1:30,IR2:90,US:63
TIME:1:03:12,AM,IR1:60,IR2:60,US:63
TIME:1:03:13,AM,IR1:45,IR2:60,US:54
TIME:1:03:13,AM,IR1:30,IR2:60,US:48
TIME:1:03:14,AM,IR1:60,IR2:150,US:43
TIME:1:03:14,AM,IR1:60,IR2:45,US:99
TIME:1:03:15,AM,IR1:45,IR2:30,US:27
TIME:1:03:15,AM,IR1:30,IR2:30,US:18
TIME:1:03:16,AM,IR1:60,IR2:60,US:10
TIME:1:03:16,AM,IR1:30,IR2:30,US:5
TIME:1:03:17,AM,IR1:15,IR2:15,US:4
TIME:1:03:18,AM,IR1:15,IR2:60,US:81
TIME:1:03:18,AM,IR1:15,IR2:45,US:68
TIME:1:03:19,AM,IR1:30,IR2:45,US:64
TIME:1:03:19,AM,IR1:30,IR2:30,US:57
TIME:1:03:20,AM,IR1:30,IR2:45,US:140
TIME:1:03:20,AM,IR1:45,IR2:60,US:125
TIME:1:03:21,AM,IR1:30,IR2:60,US:117
TIME:1:03:21,AM,IR1:60,IR2:90,US:107
TIME:1:03:22,AM,IR1:30,IR2:60,US:98
TIME:1:03:23,AM,IR1:30,IR2:60,US:91
TIME:1:03:23,AM,IR1:45,IR2:60,US:85
TIME:1:03:24,AM,IR1:45,IR2:75,US:77
TIME:1:03:24,AM,IR1:45,IR2:45,US:68
TIME:1:03:25,AM,IR1:60,IR2:75,US:58
TIME:1:03:25,AM,IR1:45,IR2:60,US:51
TIME:1:03:26,AM,IR1:30,IR2:45,US:43
TIME:1:03:26,AM,IR1:45,IR2:45,US:100
TIME:1:03:27,AM,IR1:30,IR2:45,US:91
TIME:1:03:27,AM,IR1:30,IR2:60,US:82
TIME:1:03:28,AM,IR1:30,IR2:60,US:72
TIME:1:03:29,AM,IR1:45,IR2:60,US:63
TIME:1:03:29,AM,IR1:45,IR2:45,US:56
TIME:1:03:30,AM,IR1:60,IR2:60,US:48
TIME:1:03:30,AM,IR1:30,IR2:60,US:37
TIME:1:03:31,AM,IR1:30,IR2:60,US:112
TIME:1:03:31,AM,IR1:30,IR2:60,US:101
TIME:1:03:32,AM,IR1:30,IR2:60,US:90
TIME:1:03:32,AM,IR1:60,IR2:60,US:82
TIME:1:03:33,AM,IR1:45,IR2:60,US:72
TIME:1:03:33,AM,IR1:30,IR2:60,US:62
TIME:1:03:34,AM,IR1:45,IR2:60,US:54
TIME:1:03:35,AM,IR1:60,IR2:90,US:46
TIME:1:03:35,AM,IR1:45,IR2:60,US:40
TIME:1:03:35,AM,IR1:30,IR2:60,US:32
TIME:1:03:36,AM,IR1:30,IR2:45,US:103
TIME:1:03:37,AM,IR1:30,IR2:30,US:91
TIME:1:03:37,AM,IR1:30,IR2:45,US:86
TIME:1:03:38,AM,IR1:30,IR2:15,US:76
TIME:1:03:38,AM,IR1:30,IR2:15,US:70
TIME:1:03:39,AM,IR1:30,IR2:60,US:66
TIME:1:03:39,AM,IR1:30,IR2:30,US:62
TIME:1:03:40,AM,IR1:30,IR2:30,US:56
TIME:1:03:40,AM,IR1:30,IR2:30,US:52
TIME:1:03:41,AM,IR1:30,IR2:45,US:47
TIME:1:03:41,AM,IR1:30,IR2:30,US:43
TIME:1:03:42,AM,IR1:30,IR2:30,US:173
TIME:1:03:43,AM,IR1:30,IR2:45,US:111
TIME:1:03:43,AM,IR1:30,IR2:60,US:105
TIME:1:03:44,AM,IR1:15,IR2:30,US:95
TIME:1:03:45,AM,IR1:30,IR2:45,US:379
TIME:1:03:45,AM,IR1:30,IR2:60,US:80
TIME:1:03:46,AM,IR1:30,IR2:30,US:43
TIME:1:03:46,AM,IR1:30,IR2:45,US:67
TIME:1:03:47,AM,IR1:45,IR2:15,US:61
TIME:1:03:48,AM,IR1:30,IR2:75,US:49
TIME:1:03:48,AM,IR1:60,IR2:60,US:47
TIME:1:03:48,AM,IR1:60,IR2:45,US:38
TIME:1:03:49,AM,IR1:60,IR2:45,US:29
TIME:1:03:49,AM,IR1:60,IR2:30,US:22
TIME:1:03:50,AM,IR1:45,IR2:30,US:26
TIME:1:03:50,AM,IR1:30,IR2:45,US:9
TIME:1:03:51,AM,IR1:30,IR2:15,US:5
TIME:1:03:51,AM,IR1:30,IR2:15,US:9
TIME:1:03:52,AM,IR1:15,IR2:15,US:5
TIME:1:03:53,AM,IR1:60,IR2:45,US:125
TIME:1:03:53,AM,IR1:60,IR2:30,US:114
TIME:1:03:54,AM,IR1:60,IR2:30,US:107
TIME:1:03:54,AM,IR1:45,IR2:30,US:101
TIME:1:03:55,AM,IR1:45,IR2:60,US:97
TIME:1:03:55,AM,IR1:45,IR2:30,US:118
TIME:1:03:56,AM,IR1:45,IR2:90,US:109
TIME:1:03:56,AM,IR1:45,IR2:60,US:102
TIME:1:03:57,AM,IR1:30,IR2:30,US:97
TIME:1:03:57,AM,IR1:30,IR2:45,US:116
TIME:1:03:58,AM,IR1:30,IR2:60,US:73
TIME:1:03:58,AM,IR1:30,IR2:60,US:59
TIME:1:03:59,AM,IR1:30,IR2:30,US:52
TIME:1:04:00,AM,IR1:30,IR2:45,US:44
TIME:1:04:00,AM,IR1:45,IR2:30,US:37
TIME:1:04:01,AM,IR1:60,IR2:30,US:29
TIME:1:04:01,AM,IR1:60,IR2:30,US:24
TIME:1:04:02,AM,IR1:60,IR2:30,US:160
TIME:1:04:02,AM,IR1:60,IR2:30,US:75
TIME:1:04:03,AM,IR1:45,IR2:15,US:67
TIME:1:04:03,AM,IR1:45,IR2:45,US:59
TIME:1:04:04,AM,IR1:45,IR2:45,US:59
TIME:1:04:04,AM,IR1:45,IR2:60,US:45
TIME:1:04:05,AM,IR1:45,IR2:60,US:39
TIME:1:04:06,AM,IR1:45,IR2:45,US:32
TIME:1:04:06,AM,IR1:45,IR2:30,US:25
TIME:1:04:07,AM,IR1:60,IR2:30,US:129
TIME:1:04:07,AM,IR1:45,IR2:30,US:49
TIME:1:04:08,AM,IR1:45,IR2:30,US:110
TIME:1:04:08,AM,IR1:60,IR2:30,US:104
TIME:1:04:09,AM,IR1:60,IR2:60,US:95
TIME:1:04:09,AM,IR1:60,IR2:90,US:85
TIME:1:04:10,AM,IR1:60,IR2:60,US:76
TIME:1:04:11,AM,IR1:60,IR2:45,US:67
TIME:1:04:11,AM,IR1:30,IR2:30,US:58
TIME:1:04:11,AM,IR1:45,IR2:60,US:51
TIME:1:04:12,AM,IR1:30,IR2:30,US:43
TIME:1:04:13,AM,IR1:45,IR2:45,US:36
TIME:1:04:13,AM,IR1:45,IR2:45,US:29
TIME:1:04:14,AM,IR1:60,IR2:30,US:21
TIME:1:04:14,AM,IR1:60,IR2:30,US:13
TIME:1:04:15,AM,IR1:60,IR2:60,US:9
TIME:1:04:15,AM,IR1:15,IR2:15,US:181
TIME:1:04:16,AM,IR1:15,IR2:15,US:8
TIME:1:04:16,AM,IR1:45,IR2:30,US:98
TIME:1:04:17,AM,IR1:30,IR2:30,US:95
TIME:1:04:17,AM,IR1:45,IR2:15,US:85
TIME:1:04:18,AM,IR1:30,IR2:15,US:81
TIME:1:04:18,AM,IR1:30,IR2:15,US:82
TIME:1:04:19,AM,IR1:45,IR2:15,US:123
TIME:1:04:20,AM,IR1:60,IR2:30,US:117
TIME:1:04:20,AM,IR1:60,IR2:30,US:110
TIME:1:04:21,AM,IR1:60,IR2:30,US:104
TIME:1:04:21,AM,IR1:60,IR2:30,US:53
TIME:1:04:22,AM,IR1:45,IR2:15,US:54
TIME:1:04:22,AM,IR1:45,IR2:15,US:45
TIME:1:04:23,AM,IR1:60,IR2:30,US:40
TIME:1:04:23,AM,IR1:60,IR2:60,US:57
TIME:1:04:24,AM,IR1:45,IR2:60,US:40
TIME:1:04:24,AM,IR1:45,IR2:30,US:30
TIME:1:04:25,AM,IR1:45,IR2:15,US:23
TIME:1:04:25,AM,IR1:45,IR2:15,US:20
TIME:1:04:26,AM,IR1:45,IR2:30,US:104
TIME:1:04:26,AM,IR1:45,IR2:30,US:96
TIME:1:04:27,AM,IR1:45,IR2:30,US:88
TIME:1:04:28,AM,IR1:45,IR2:60,US:83
TIME:1:04:28,AM,IR1:45,IR2:30,US:75
TIME:1:04:29,AM,IR1:60,IR2:45,US:67
TIME:1:04:30,AM,IR1:30,IR2:60,US:38
TIME:1:04:30,AM,IR1:30,IR2:60,US:50
TIME:1:04:30,AM,IR1:30,IR2:60,US:45
TIME:1:04:31,AM,IR1:30,IR2:45,US:41
TIME:1:04:31,AM,IR1:30,IR2:30,US:39
TIME:1:04:32,AM,IR1:30,IR2:15,US:10
TIME:1:04:32,AM,IR1:60,IR2:15,US:29
TIME:1:04:33,AM,IR1:60,IR2:60,US:22
TIME:1:04:34,AM,IR1:45,IR2:240,US:121
TIME:1:04:34,AM,IR1:45,IR2:75,US:114
TIME:1:04:35,AM,IR1:60,IR2:45,US:110
TIME:1:04:35,AM,IR1:60,IR2:15,US:101
TIME:1:04:36,AM,IR1:60,IR2:15,US:108
TIME:1:04:36,AM,IR1:45,IR2:30,US:98
TIME:1:04:37,AM,IR1:30,IR2:15,US:99
TIME:1:04:37,AM,IR1:60,IR2:45,US:88
TIME:1:04:38,AM,IR1:30,IR2:30,US:82
TIME:1:04:38,AM,IR1:45,IR2:60,US:75
TIME:1:04:39,AM,IR1:45,IR2:60,US:77
TIME:1:04:39,AM,IR1:45,IR2:60,US:68
TIME:1:04:40,AM,IR1:60,IR2:45,US:114
TIME:1:04:41,AM,IR1:60,IR2:60,US:53
TIME:1:04:41,AM,IR1:60,IR2:45,US:105
TIME:1:04:42,AM,IR1:15,IR2:15,US:6
TIME:1:08:56,AM,IR1:60,IR2:60,US:87
TIME:1:08:57,AM,IR1:60,IR2:45,US:67
TIME:1:08:58,AM,IR1:60,IR2:60,US:58
TIME:1:08:59,AM,IR1:60,IR2:30,US:58
TIME:1:09:00,AM,IR1:60,IR2:30,US:74
TIME:1:09:01,AM,IR1:45,IR2:30,US:65
TIME:1:09:02,AM,IR1:30,IR2:15,US:55
TIME:1:09:03,AM,IR1:30,IR2:15,US:52
TIME:1:09:04,AM,IR1:45,IR2:45,US:92
TIME:1:09:05,AM,IR1:30,IR2:15,US:82
TIME:1:09:06,AM,IR1:45,IR2:30,US:68
TIME:1:09:06,AM,IR1:60,IR2:30,US:61
TIME:1:09:07,AM,IR1:60,IR2:75,US:105
TIME:1:09:08,AM,IR1:45,IR2:30,US:85
TIME:1:09:09,AM,IR1:45,IR2:60,US:66
TIME:1:09:10,AM,IR1:60,IR2:30,US:50
TIME:1:09:12,AM,IR1:60,IR2:30,US:91
TIME:1:09:13,AM,IR1:60,IR2:30,US:70
TIME:1:09:14,AM,IR1:45,IR2:30,US:56
TIME:1:09:15,AM,IR1:60,IR2:30,US:93
TIME:1:09:16,AM,IR1:60,IR2:45,US:71
TIME:1:09:17,AM,IR1:60,IR2:30,US:54
TIME:1:09:18,AM,IR1:60,IR2:45,US:46
TIME:1:09:19,AM,IR1:60,IR2:30,US:100
TIME:1:09:20,AM,IR1:30,IR2:30,US:80
TIME:1:09:22,AM,IR1:30,IR2:60,US:67
TIME:1:09:23,AM,IR1:30,IR2:15,US:56
TIME:1:09:24,AM,IR1:30,IR2:30,US:48
TIME:1:09:26,AM,IR1:45,IR2:45,US:120
TIME:1:09:27,AM,IR1:30,IR2:30,US:102
TIME:1:09:28,AM,IR1:45,IR2:30,US:90
TIME:1:09:29,AM,IR1:60,IR2:15,US:72
TIME:1:09:30,AM,IR1:30,IR2:30,US:62
TIME:1:09:31,AM,IR1:45,IR2:30,US:71
TIME:1:09:32,AM,IR1:30,IR2:60,US:103
TIME:1:09:33,AM,IR1:45,IR2:30,US:107
TIME:1:09:34,AM,IR1:45,IR2:15,US:96
TIME:1:09:35,AM,IR1:30,IR2:30,US:94
TIME:1:09:35,AM,IR1:45,IR2:30,US:115
TIME:1:09:36,AM,IR1:30,IR2:60,US:118
TIME:1:09:36,AM,IR1:30,IR2:30,US:110
TIME:1:09:37,AM,IR1:30,IR2:30,US:106
TIME:1:09:37,AM,IR1:30,IR2:60,US:100
TIME:1:09:38,AM,IR1:60,IR2:45,US:92
TIME:1:09:38,AM,IR1:30,IR2:45,US:84
TIME:1:09:39,AM,IR1:45,IR2:60,US:77
TIME:1:09:39,AM,IR1:30,IR2:30,US:52
TIME:1:09:40,AM,IR1:45,IR2:15,US:45
TIME:1:09:40,AM,IR1:30,IR2:15,US:58
TIME:1:09:41,AM,IR1:45,IR2:30,US:35
TIME:1:09:42,AM,IR1:45,IR2:15,US:32
TIME:1:09:42,AM,IR1:45,IR2:15,US:108
TIME:1:09:43,AM,IR1:45,IR2:15,US:88
TIME:1:09:43,AM,IR1:30,IR2:15,US:80
TIME:1:09:44,AM,IR1:30,IR2:15,US:76
TIME:1:09:44,AM,IR1:30,IR2:30,US:72
TIME:1:09:45,AM,IR1:45,IR2:60,US:66
TIME:1:09:45,AM,IR1:30,IR2:60,US:55
TIME:1:09:46,AM,IR1:30,IR2:45,US:54
TIME:1:09:47,AM,IR1:45,IR2:30,US:47
TIME:1:09:47,AM,IR1:60,IR2:45,US:42
TIME:1:09:48,AM,IR1:30,IR2:30,US:33
TIME:1:09:48,AM,IR1:60,IR2:45,US:25
TIME:1:09:49,AM,IR1:45,IR2:30,US:18
TIME:1:09:49,AM,IR1:45,IR2:15,US:18
TIME:1:09:50,AM,IR1:60,IR2:75,US:101
TIME:1:09:50,AM,IR1:15,IR2:15,US:100
TIME:1:09:51,AM,IR1:30,IR2:15,US:98
TIME:1:09:51,AM,IR1:30,IR2:15,US:93
TIME:1:09:52,AM,IR1:30,IR2:30,US:92
TIME:1:09:52,AM,IR1:30,IR2:30,US:86
TIME:1:09:53,AM,IR1:45,IR2:30,US:83
TIME:1:09:53,AM,IR1:30,IR2:60,US:79
TIME:1:09:54,AM,IR1:30,IR2:15,US:53
TIME:1:09:55,AM,IR1:15,IR2:15,US:48
TIME:1:09:55,AM,IR1:30,IR2:15,US:45
TIME:1:09:56,AM,IR1:30,IR2:30,US:111
TIME:1:09:56,AM,IR1:45,IR2:15,US:105
TIME:1:09:57,AM,IR1:45,IR2:60,US:99
TIME:1:09:57,AM,IR1:15,IR2:30,US:96
TIME:1:09:58,AM,IR1:30,IR2:30,US:91
TIME:1:09:58,AM,IR1:15,IR2:15,US:86
TIME:1:09:59,AM,IR1:45,IR2:60,US:86
TIME:1:09:59,AM,IR1:45,IR2:60,US:75
TIME:1:10:01,AM,IR1:30,IR2:30,US:68
TIME:1:10:01,AM,IR1:60,IR2:60,US:61
TIME:1:10:01,AM,IR1:60,IR2:30,US:53
TIME:1:10:02,AM,IR1:60,IR2:45,US:44
TIME:1:10:02,AM,IR1:60,IR2:30,US:36
TIME:1:10:03,AM,IR1:30,IR2:30,US:30
TIME:1:10:03,AM,IR1:45,IR2:15,US:86
TIME:1:10:04,AM,IR1:60,IR2:15,US:68
TIME:1:10:04,AM,IR1:30,IR2:15,US:67
TIME:1:10:05,AM,IR1:45,IR2:30,US:60
TIME:1:10:06,AM,IR1:30,IR2:30,US:56
TIME:1:10:06,AM,IR1:45,IR2:15,US:52
TIME:1:10:07,AM,IR1:45,IR2:30,US:128
TIME:1:10:07,AM,IR1:30,IR2:30,US:107
TIME:1:10:08,AM,IR1:45,IR2:60,US:98
TIME:1:10:08,AM,IR1:60,IR2:15,US:100
TIME:1:10:09,AM,IR1:60,IR2:30,US:87
TIME:1:10:09,AM,IR1:30,IR2:15,US:93
TIME:1:10:10,AM,IR1:30,IR2:30,US:80
TIME:1:10:11,AM,IR1:60,IR2:60,US:74
TIME:1:10:11,AM,IR1:30,IR2:30,US:68
TIME:1:10:11,AM,IR1:60,IR2:30,US:63
TIME:1:10:12,AM,IR1:60,IR2:30,US:59
TIME:1:10:13,AM,IR1:30,IR2:30,US:111
TIME:1:10:13,AM,IR1:60,IR2:30,US:91
TIME:1:10:14,AM,IR1:45,IR2:30,US:83
TIME:1:10:15,AM,IR1:60,IR2:15,US:72
TIME:1:10:15,AM,IR1:45,IR2:15,US:77
TIME:1:10:15,AM,IR1:30,IR2:30,US:69
TIME:1:10:16,AM,IR1:45,IR2:45,US:103
TIME:1:10:16,AM,IR1:45,IR2:15,US:79
TIME:1:10:17,AM,IR1:60,IR2:60,US:72
TIME:1:10:18,AM,IR1:30,IR2:30,US:66
TIME:1:10:18,AM,IR1:45,IR2:60,US:60
TIME:1:10:19,AM,IR1:60,IR2:60,US:100
TIME:1:10:19,AM,IR1:60,IR2:30,US:93
TIME:1:10:20,AM,IR1:60,IR2:30,US:70
TIME:1:10:21,AM,IR1:30,IR2:30,US:63
TIME:1:10:21,AM,IR1:45,IR2:30,US:55
TIME:1:10:21,AM,IR1:45,IR2:30,US:50
TIME:1:10:22,AM,IR1:45,IR2:15,US:48
TIME:1:10:23,AM,IR1:60,IR2:15,US:96
TIME:1:10:23,AM,IR1:30,IR2:30,US:83
TIME:1:10:23,AM,IR1:45,IR2:30,US:76
TIME:1:10:24,AM,IR1:45,IR2:30,US:66
TIME:1:10:24,AM,IR1:30,IR2:15,US:71
TIME:1:10:26,AM,IR1:60,IR2:30,US:96
TIME:1:10:26,AM,IR1:60,IR2:30,US:124
TIME:1:10:26,AM,IR1:60,IR2:30,US:86
TIME:1:10:27,AM,IR1:60,IR2:30,US:80
TIME:1:10:27,AM,IR1:60,IR2:15,US:78
TIME:1:10:28,AM,IR1:60,IR2:45,US:73
TIME:1:10:28,AM,IR1:60,IR2:15,US:66
TIME:1:10:29,AM,IR1:60,IR2:15,US:59
TIME:1:10:30,AM,IR1:60,IR2:30,US:69
TIME:1:10:30,AM,IR1:60,IR2:60,US:53
TIME:1:10:30,AM,IR1:60,IR2:30,US:58
TIME:1:10:31,AM,IR1:60,IR2:15,US:50
TIME:1:10:32,AM,IR1:45,IR2:15,US:45
TIME:1:10:32,AM,IR1:60,IR2:90,US:93
TIME:1:10:33,AM,IR1:60,IR2:30,US:83
TIME:1:10:33,AM,IR1:60,IR2:30,US:76
TIME:1:10:34,AM,IR1:60,IR2:30,US:70
TIME:1:10:34,AM,IR1:45,IR2:30,US:125
TIME:1:10:35,AM,IR1:45,IR2:60,US:117
TIME:1:10:35,AM,IR1:60,IR2:30,US:107
TIME:1:10:36,AM,IR1:45,IR2:75,US:85
TIME:1:10:36,AM,IR1:45,IR2:30,US:75
TIME:1:10:37,AM,IR1:45,IR2:30,US:66
TIME:1:10:38,AM,IR1:30,IR2:30,US:59
TIME:1:10:38,AM,IR1:45,IR2:60,US:54
TIME:1:10:39,AM,IR1:60,IR2:30,US:47
TIME:1:10:40,AM,IR1:60,IR2:30,US:78
TIME:1:10:40,AM,IR1:60,IR2:30,US:92
TIME:1:10:40,AM,IR1:45,IR2:30,US:68
TIME:1:10:41,AM,IR1:45,IR2:15,US:118
TIME:1:10:41,AM,IR1:60,IR2:30,US:61
TIME:1:10:42,AM,IR1:45,IR2:15,US:94
TIME:1:10:43,AM,IR1:45,IR2:30,US:81
TIME:1:10:43,AM,IR1:60,IR2:30,US:86
TIME:1:10:43,AM,IR1:45,IR2:30,US:109
TIME:1:10:45,AM,IR1:45,IR2:30,US:75
TIME:1:10:45,AM,IR1:45,IR2:30,US:67
TIME:1:10:46,AM,IR1:30,IR2:45,US:182
TIME:1:10:46,AM,IR1:15,IR2:45,US:50
TIME:1:10:47,AM,IR1:30,IR2:45,US:80
TIME:1:10:47,AM,IR1:30,IR2:60,US:72
TIME:1:10:48,AM,IR1:30,IR2:60,US:193
TIME:1:10:48,AM,IR1:30,IR2:60,US:43
TIME:1:10:49,AM,IR1:30,IR2:30,US:38
TIME:1:10:49,AM,IR1:30,IR2:75,US:53
TIME:1:10:50,AM,IR1:30,IR2:45,US:102
TIME:1:10:50,AM,IR1:30,IR2:45,US:91
TIME:1:10:51,AM,IR1:30,IR2:30,US:83
TIME:1:10:52,AM,IR1:45,IR2:30,US:74
TIME:1:10:52,AM,IR1:30,IR2:30,US:78
TIME:1:10:52,AM,IR1:15,IR2:15,US:72
TIME:1:10:53,AM,IR1:30,IR2:45,US:65
TIME:1:10:53,AM,IR1:30,IR2:45,US:69
TIME:1:10:54,AM,IR1:30,IR2:60,US:57
TIME:1:10:55,AM,IR1:30,IR2:60,US:33
TIME:1:10:55,AM,IR1:30,IR2:60,US:42
TIME:1:10:55,AM,IR1:30,IR2:60,US:37
TIME:1:10:57,AM,IR1:30,IR2:60,US:114
TIME:1:10:57,AM,IR1:30,IR2:60,US:130
TIME:1:10:57,AM,IR1:30,IR2:60,US:106
TIME:1:10:58,AM,IR1:30,IR2:30,US:98
TIME:1:10:58,AM,IR1:45,IR2:45,US:90
TIME:1:10:59,AM,IR1:30,IR2:60,US:82
TIME:1:11:00,AM,IR1:60,IR2:30,US:75
TIME:1:11:00,AM,IR1:30,IR2:30,US:68
TIME:1:11:00,AM,IR1:30,IR2:45,US:62
TIME:1:11:01,AM,IR1:15,IR2:30,US:54
TIME:1:11:01,AM,IR1:15,IR2:30,US:50
TIME:1:11:02,AM,IR1:15,IR2:60,US:44
TIME:1:11:03,AM,IR1:15,IR2:30,US:40
TIME:1:11:03,AM,IR1:30,IR2:30,US:100
TIME:1:11:04,AM,IR1:15,IR2:60,US:102
TIME:1:11:04,AM,IR1:15,IR2:30,US:91
TIME:1:11:05,AM,IR1:45,IR2:30,US:86
TIME:1:11:06,AM,IR1:30,IR2:30,US:80
TIME:1:11:06,AM,IR1:60,IR2:60,US:74
TIME:1:11:07,AM,IR1:30,IR2:30,US:72
TIME:1:11:07,AM,IR1:45,IR2:60,US:68
TIME:1:11:08,AM,IR1:60,IR2:15,US:9
TIME:1:11:08,AM,IR1:15,IR2:45,US:6
TIME:1:11:08,AM,IR1:15,IR2:30,US:165
TIME:1:11:10,AM,IR1:60,IR2:30,US:51
TIME:1:11:10,AM,IR1:15,IR2:30,US:51
TIME:1:11:10,AM,IR1:15,IR2:30,US:42
TIME:1:11:11,AM,IR1:15,IR2:30,US:106
TIME:1:11:11,AM,IR1:15,IR2:30,US:131
TIME:1:11:12,AM,IR1:30,IR2:45,US:123
TIME:1:11:12,AM,IR1:30,IR2:45,US:116
TIME:1:11:14,AM,IR1:30,IR2:30,US:110
TIME:1:11:14,AM,IR1:30,IR2:15,US:104
TIME:1:11:14,AM,IR1:45,IR2:15,US:98
TIME:1:11:15,AM,IR1:60,IR2:30,US:87
TIME:1:11:15,AM,IR1:30,IR2:30,US:93
TIME:1:11:15,AM,IR1:30,IR2:30,US:82
TIME:1:11:17,AM,IR1:15,IR2:60,US:68
TIME:1:11:17,AM,IR1:15,IR2:30,US:50
TIME:1:11:17,AM,IR1:15,IR2:30,US:63
TIME:1:11:18,AM,IR1:30,IR2:15,US:120
TIME:1:11:18,AM,IR1:30,IR2:60,US:60
TIME:1:11:19,AM,IR1:45,IR2:30,US:100
TIME:1:11:19,AM,IR1:30,IR2:60,US:93
TIME:1:11:20,AM,IR1:30,IR2:15,US:88
TIME:1:11:20,AM,IR1:30,IR2:60,US:83
TIME:1:11:21,AM,IR1:45,IR2:15,US:78
TIME:1:11:22,AM,IR1:45,IR2:15,US:77
TIME:1:11:22,AM,IR1:30,IR2:30,US:78
TIME:1:11:23,AM,IR1:30,IR2:45,US:71
TIME:1:11:23,AM,IR1:30,IR2:30,US:54
TIME:1:11:24,AM,IR1:30,IR2:60,US:46
TIME:1:11:25,AM,IR1:30,IR2:60,US:36
TIME:1:11:25,AM,IR1:30,IR2:60,US:110
TIME:1:11:25,AM,IR1:60,IR2:30,US:97
TIME:1:11:26,AM,IR1:30,IR2:30,US:58
TIME:1:11:26,AM,IR1:45,IR2:75,US:80
TIME:1:11:27,AM,IR1:60,IR2:60,US:72
TIME:1:11:28,AM,IR1:45,IR2:90,US:56
TIME:1:11:28,AM,IR1:30,IR2:30,US:60
TIME:1:11:28,AM,IR1:30,IR2:30,US:49
TIME:1:11:30,AM,IR1:30,IR2:45,US:42
TIME:1:11:30,AM,IR1:30,IR2:60,US:36
TIME:1:11:30,AM,IR1:30,IR2:60,US:118
TIME:1:11:31,AM,IR1:30,IR2:60,US:109
TIME:1:11:31,AM,IR1:30,IR2:30,US:101
TIME:1:11:32,AM,IR1:30,IR2:60,US:94
TIME:1:11:33,AM,IR1:45,IR2:30,US:82
TIME:1:11:33,AM,IR1:30,IR2:30,US:87
TIME:1:11:33,AM,IR1:45,IR2:75,US:76
TIME:1:11:34,AM,IR1:30,IR2:45,US:69
TIME:1:11:34,AM,IR1:45,IR2:60,US:36
TIME:1:11:35,AM,IR1:30,IR2:30,US:31
TIME:1:11:36,AM,IR1:30,IR2:60,US:48
TIME:1:11:37,AM,IR1:30,IR2:60,US:196
TIME:1:11:37,AM,IR1:30,IR2:30,US:34
TIME:1:11:37,AM,IR1:30,IR2:60,US:205
TIME:1:11:38,AM,IR1:30,IR2:30,US:123
TIME:1:11:38,AM,IR1:30,IR2:45,US:112
TIME:1:11:39,AM,IR1:30,IR2:60,US:104
TIME:1:11:40,AM,IR1:30,IR2:60,US:89
TIME:1:11:40,AM,IR1:60,IR2:30,US:96
TIME:1:11:41,AM,IR1:45,IR2:30,US:82
TIME:1:11:41,AM,IR1:45,IR2:60,US:72
TIME:1:11:41,AM,IR1:30,IR2:60,US:65
TIME:1:11:42,AM,IR1:30,IR2:60,US:57
TIME:1:11:43,AM,IR1:30,IR2:60,US:134
TIME:1:11:43,AM,IR1:30,IR2:90,US:51
TIME:1:11:44,AM,IR1:45,IR2:30,US:127
TIME:1:11:44,AM,IR1:30,IR2:60,US:122
TIME:1:11:45,AM,IR1:30,IR2:30,US:115
TIME:1:11:46,AM,IR1:15,IR2:60,US:107
TIME:1:11:46,AM,IR1:30,IR2:60,US:96
TIME:1:11:47,AM,IR1:30,IR2:45,US:88
TIME:1:11:47,AM,IR1:30,IR2:30,US:82
TIME:1:11:48,AM,IR1:30,IR2:30,US:76
TIME:1:11:48,AM,IR1:45,IR2:60,US:68
TIME:1:11:49,AM,IR1:30,IR2:60,US:61
TIME:1:11:49,AM,IR1:60,IR2:60,US:53
TIME:1:11:50,AM,IR1:30,IR2:60,US:50
TIME:1:11:51,AM,IR1:45,IR2:90,US:41
TIME:1:11:51,AM,IR1:45,IR2:90,US:112
TIME:1:11:52,AM,IR1:30,IR2:60,US:102
TIME:1:11:52,AM,IR1:60,IR2:60,US:92
TIME:1:11:53,AM,IR1:45,IR2:60,US:80
TIME:1:11:53,AM,IR1:30,IR2:60,US:71
TIME:1:11:53,AM,IR1:30,IR2:45,US:63
TIME:1:11:55,AM,IR1:30,IR2:30,US:51
TIME:1:11:55,AM,IR1:30,IR2:30,US:63
TIME:1:11:55,AM,IR1:30,IR2:30,US:47
TIME:1:11:56,AM,IR1:30,IR2:45,US:40
TIME:1:11:56,AM,IR1:30,IR2:30,US:37
TIME:1:11:57,AM,IR1:30,IR2:90,US:33
TIME:1:11:57,AM,IR1:30,IR2:60,US:112
TIME:1:11:58,AM,IR1:30,IR2:60,US:107
TIME:1:11:58,AM,IR1:30,IR2:30,US:101
TIME:1:11:59,AM,IR1:30,IR2:30,US:94
TIME:1:12:00,AM,IR1:15,IR2:45,US:88
TIME:1:12:00,AM,IR1:60,IR2:15,US:84
TIME:1:12:00,AM,IR1:15,IR2:30,US:79
TIME:1:12:02,AM,IR1:30,IR2:30,US:42
TIME:1:12:02,AM,IR1:45,IR2:30,US:75
TIME:1:12:02,AM,IR1:30,IR2:30,US:63
TIME:1:12:03,AM,IR1:30,IR2:30,US:52
TIME:1:12:03,AM,IR1:30,IR2:30,US:58
TIME:1:12:04,AM,IR1:60,IR2:30,US:47
TIME:1:12:04,AM,IR1:30,IR2:45,US:42
TIME:1:12:06,AM,IR1:30,IR2:45,US:27
TIME:1:12:06,AM,IR1:30,IR2:30,US:47
TIME:1:12:06,AM,IR1:30,IR2:30,US:23
TIME:1:12:07,AM,IR1:30,IR2:30,US:204
TIME:1:12:07,AM,IR1:15,IR2:60,US:136
TIME:1:12:08,AM,IR1:45,IR2:30,US:105
TIME:1:12:08,AM,IR1:30,IR2:30,US:99
TIME:1:12:09,AM,IR1:15,IR2:30,US:94
TIME:1:12:10,AM,IR1:30,IR2:45,US:86
TIME:1:12:10,AM,IR1:15,IR2:30,US:89
TIME:1:12:10,AM,IR1:30,IR2:30,US:82
TIME:1:12:11,AM,IR1:30,IR2:90,US:81
TIME:1:12:11,AM,IR1:30,IR2:30,US:117
TIME:1:12:12,AM,IR1:30,IR2:60,US:114
TIME:1:12:12,AM,IR1:15,IR2:60,US:98
TIME:1:12:13,AM,IR1:30,IR2:45,US:104
TIME:1:12:13,AM,IR1:30,IR2:30,US:97
TIME:1:12:15,AM,IR1:15,IR2:45,US:92
TIME:1:12:15,AM,IR1:15,IR2:45,US:106
TIME:1:12:15,AM,IR1:15,IR2:30,US:38
TIME:1:12:16,AM,IR1:30,IR2:45,US:53
TIME:1:12:17,AM,IR1:45,IR2:30,US:45
TIME:1:12:17,AM,IR1:30,IR2:30,US:39
TIME:1:12:17,AM,IR1:60,IR2:30,US:36
TIME:1:12:18,AM,IR1:30,IR2:15,US:78
TIME:1:12:18,AM,IR1:45,IR2:30,US:64
TIME:1:12:19,AM,IR1:45,IR2:30,US:58
TIME:1:12:20,AM,IR1:45,IR2:30,US:51
TIME:1:12:20,AM,IR1:45,IR2:30,US:46
TIME:1:12:21,AM,IR1:45,IR2:30,US:54
TIME:1:12:21,AM,IR1:45,IR2:30,US:106
TIME:1:12:22,AM,IR1:30,IR2:30,US:61
TIME:1:12:22,AM,IR1:30,IR2:60,US:93
TIME:1:12:23,AM,IR1:15,IR2:15,US:75
TIME:1:12:24,AM,IR1:30,IR2:30,US:76
TIME:1:12:24,AM,IR1:45,IR2:45,US:82
TIME:1:12:24,AM,IR1:30,IR2:30,US:70
TIME:1:12:25,AM,IR1:45,IR2:30,US:64
TIME:1:12:25,AM,IR1:30,IR2:60,US:59
TIME:1:12:27,AM,IR1:30,IR2:15,US:54
TIME:1:12:27,AM,IR1:45,IR2:15,US:49
TIME:1:12:27,AM,IR1:45,IR2:30,US:110
TIME:1:12:28,AM,IR1:45,IR2:30,US:98
TIME:1:12:28,AM,IR1:30,IR2:60,US:92
TIME:1:12:29,AM,IR1:45,IR2:30,US:85
TIME:1:12:29,AM,IR1:30,IR2:30,US:78
TIME:1:12:30,AM,IR1:30,IR2:30,US:73
TIME:1:12:31,AM,IR1:30,IR2:30,US:68
TIME:1:12:31,AM,IR1:30,IR2:30,US:62
TIME:1:12:32,AM,IR1:60,IR2:30,US:56
TIME:1:12:32,AM,IR1:30,IR2:45,US:50
TIME:1:12:33,AM,IR1:30,IR2:15,US:44
TIME:1:12:33,AM,IR1:45,IR2:15,US:179
TIME:1:12:34,AM,IR1:30,IR2:15,US:106
TIME:1:12:34,AM,IR1:45,IR2:30,US:99
TIME:1:12:35,AM,IR1:45,IR2:60,US:88
TIME:1:12:35,AM,IR1:30,IR2:30,US:81
TIME:1:12:36,AM,IR1:45,IR2:30,US:73
TIME:1:12:36,AM,IR1:60,IR2:30,US:67
TIME:1:12:37,AM,IR1:60,IR2:15,US:64
TIME:1:12:37,AM,IR1:60,IR2:15,US:156
TIME:1:12:39,AM,IR1:60,IR2:15,US:100
TIME:1:12:39,AM,IR1:60,IR2:15,US:92
TIME:1:12:39,AM,IR1:60,IR2:30,US:88
TIME:1:12:40,AM,IR1:60,IR2:60,US:94
TIME:1:12:40,AM,IR1:60,IR2:45,US:74
TIME:1:12:41,AM,IR1:30,IR2:30,US:64
TIME:1:12:41,AM,IR1:45,IR2:90,US:57
TIME:1:12:42,AM,IR1:60,IR2:30,US:48
TIME:1:12:42,AM,IR1:30,IR2:60,US:41
TIME:1:12:43,AM,IR1:30,IR2:60,US:35
TIME:1:12:43,AM,IR1:30,IR2:30,US:78
TIME:1:12:44,AM,IR1:30,IR2:90,US:70
TIME:1:12:45,AM,IR1:30,IR2:60,US:60
TIME:1:12:45,AM,IR1:30,IR2:60,US:50
TIME:1:12:45,AM,IR1:30,IR2:60,US:42
TIME:1:12:47,AM,IR1:60,IR2:45,US:34
TIME:1:12:47,AM,IR1:45,IR2:60,US:24
TIME:1:12:47,AM,IR1:30,IR2:45,US:17
TIME:1:12:48,AM,IR1:30,IR2:60,US:192
TIME:1:12:48,AM,IR1:30,IR2:60,US:108
TIME:1:12:49,AM,IR1:30,IR2:75,US:73
TIME:1:12:50,AM,IR1:30,IR2:60,US:99
TIME:1:12:50,AM,IR1:30,IR2:45,US:85
TIME:1:12:51,AM,IR1:30,IR2:60,US:130
TIME:1:12:51,AM,IR1:30,IR2:15,US:126
TIME:1:12:52,AM,IR1:30,IR2:30,US:106
TIME:1:12:52,AM,IR1:30,IR2:60,US:68
TIME:1:12:53,AM,IR1:30,IR2:60,US:62
TIME:1:12:54,AM,IR1:30,IR2:30,US:56
TIME:1:12:54,AM,IR1:30,IR2:30,US:51
TIME:1:12:54,AM,IR1:45,IR2:30,US:46
TIME:1:12:55,AM,IR1:30,IR2:45,US:40
TIME:1:12:55,AM,IR1:30,IR2:30,US:36
TIME:1:12:56,AM,IR1:15,IR2:30,US:102
TIME:1:12:57,AM,IR1:15,IR2:60,US:95
TIME:1:12:57,AM,IR1:30,IR2:30,US:87
TIME:1:12:58,AM,IR1:30,IR2:30,US:82
TIME:1:12:58,AM,IR1:30,IR2:45,US:77
TIME:1:12:58,AM,IR1:30,IR2:45,US:71
TIME:1:13:00,AM,IR1:30,IR2:30,US:65
TIME:1:13:00,AM,IR1:60,IR2:30,US:59
TIME:1:13:00,AM,IR1:30,IR2:45,US:51
TIME:1:13:01,AM,IR1:45,IR2:75,US:45
TIME:1:13:02,AM,IR1:45,IR2:30,US:38
TIME:1:13:02,AM,IR1:30,IR2:60,US:29
TIME:1:13:03,AM,IR1:30,IR2:30,US:19
TIME:1:13:03,AM,IR1:15,IR2:45,US:15
TIME:1:13:04,AM,IR1:30,IR2:15,US:108
TIME:1:13:04,AM,IR1:15,IR2:60,US:198
TIME:1:13:05,AM,IR1:15,IR2:15,US:119
TIME:1:13:06,AM,IR1:15,IR2:15,US:107
TIME:1:13:06,AM,IR1:15,IR2:15,US:106
TIME:1:13:06,AM,IR1:15,IR2:60,US:105
TIME:1:13:07,AM,IR1:15,IR2:60,US:101
TIME:1:13:07,AM,IR1:15,IR2:30,US:134
TIME:1:13:08,AM,IR1:15,IR2:30,US:128
TIME:1:13:09,AM,IR1:15,IR2:60,US:123
TIME:1:13:09,AM,IR1:15,IR2:30,US:96
TIME:1:13:10,AM,IR1:15,IR2:30,US:128
TIME:1:13:10,AM,IR1:15,IR2:15,US:37
TIME:1:13:11,AM,IR1:15,IR2:30,US:33
TIME:1:13:12,AM,IR1:15,IR2:30,US:37
TIME:1:13:12,AM,IR1:30,IR2:30,US:37
TIME:1:13:12,AM,IR1:30,IR2:30,US:32
TIME:1:13:13,AM,IR1:30,IR2:60,US:28
TIME:1:13:13,AM,IR1:30,IR2:15,US:11
TIME:1:13:14,AM,IR1:30,IR2:15,US:19
TIME:1:13:15,AM,IR1:60,IR2:15,US:120
TIME:1:13:15,AM,IR1:15,IR2:15,US:111
TIME:1:13:15,AM,IR1:30,IR2:30,US:110
TIME:1:13:16,AM,IR1:30,IR2:30,US:102
TIME:1:13:17,AM,IR1:30,IR2:30,US:98
TIME:1:13:17,AM,IR1:15,IR2:60,US:92
TIME:1:13:18,AM,IR1:60,IR2:30,US:87
TIME:1:13:18,AM,IR1:45,IR2:30,US:83
TIME:1:13:19,AM,IR1:15,IR2:15,US:77
TIME:1:13:20,AM,IR1:15,IR2:30,US:75
TIME:1:13:20,AM,IR1:15,IR2:30,US:70
TIME:1:13:21,AM,IR1:15,IR2:30,US:67
TIME:1:13:21,AM,IR1:15,IR2:15,US:68
TIME:1:13:22,AM,IR1:15,IR2:30,US:11
TIME:1:13:22,AM,IR1:30,IR2:30,US:11
TIME:1:13:23,AM,IR1:15,IR2:75,US:6
TIME:1:13:23,AM,IR1:60,IR2:30,US:69
TIME:1:13:24,AM,IR1:30,IR2:510,US:66
TIME:1:13:25,AM,IR1:90,IR2:225,US:6
TIME:1:13:25,AM,IR1:45,IR2:15,US:59
TIME:1:13:25,AM,IR1:15,IR2:45,US:56
TIME:1:13:26,AM,IR1:15,IR2:45,US:55
TIME:1:13:26,AM,IR1:30,IR2:15,US:55
TIME:1:13:27,AM,IR1:30,IR2:30,US:55
TIME:1:13:27,AM,IR1:45,IR2:15,US:62
TIME:1:13:28,AM,IR1:30,IR2:420,US:117
TIME:1:13:28,AM,IR1:15,IR2:15,US:33
TIME:1:13:29,AM,IR1:15,IR2:90,US:105
TIME:1:13:29,AM,IR1:15,IR2:30,US:44
TIME:1:13:30,AM,IR1:15,IR2:30,US:35
TIME:1:13:31,AM,IR1:15,IR2:15,US:33
TIME:1:13:31,AM,IR1:15,IR2:15,US:33
TIME:1:13:32,AM,IR1:15,IR2:15,US:32
TIME:1:13:32,AM,IR1:15,IR2:15,US:33
TIME:1:13:33,AM,IR1:15,IR2:15,US:33
TIME:1:13:33,AM,IR1:15,IR2:60,US:32
TIME:1:13:34,AM,IR1:30,IR2:30,US:30
TIME:1:13:35,AM,IR1:15,IR2:30,US:26
TIME:1:13:35,AM,IR1:30,IR2:15,US:26
TIME:1:13:35,AM,IR1:30,IR2:15,US:21
TIME:1:13:36,AM,IR1:60,IR2:15,US:17
TIME:1:13:36,AM,IR1:60,IR2:30,US:98
TIME:1:13:37,AM,IR1:15,IR2:15,US:89
TIME:1:13:38,AM,IR1:15,IR2:15,US:99
TIME:1:13:38,AM,IR1:15,IR2:420,US:82
TIME:1:13:40,AM,IR1:45,IR2:30,US:88
TIME:1:13:40,AM,IR1:30,IR2:15,US:82
TIME:1:13:40,AM,IR1:30,IR2:30,US:77
TIME:1:13:41,AM,IR1:15,IR2:30,US:72
TIME:1:13:41,AM,IR1:30,IR2:30,US:69
TIME:1:13:42,AM,IR1:30,IR2:15,US:51
TIME:1:13:42,AM,IR1:15,IR2:15,US:60
TIME:1:13:43,AM,IR1:15,IR2:15,US:60
TIME:1:13:43,AM,IR1:15,IR2:15,US:60
TIME:1:13:44,AM,IR1:15,IR2:15,US:62
TIME:1:13:45,AM,IR1:15,IR2:15,US:66
TIME:1:13:45,AM,IR1:15,IR2:15,US:59
TIME:1:13:45,AM,IR1:15,IR2:15,US:59
TIME:1:13:47,AM,IR1:15,IR2:15,US:59
TIME:1:13:47,AM,IR1:15,IR2:15,US:58
TIME:1:20:00,AM,IR1:30,IR2:60,US:36
TIME:1:20:01,AM,IR1:15,IR2:30,US:84
TIME:1:20:02,AM,IR1:15,IR2:60,US:62
TIME:1:20:03,AM,IR1:15,IR2:30,US:54
TIME:1:20:04,AM,IR1:15,IR2:60,US:103
TIME:1:20:06,AM,IR1:15,IR2:30,US:88
TIME:1:20:07,AM,IR1:45,IR2:45,US:75
TIME:1:20:08,AM,IR1:45,IR2:30,US:61
TIME:1:20:09,AM,IR1:15,IR2:30,US:49
TIME:1:20:10,AM,IR1:15,IR2:30,US:107
TIME:1:20:11,AM,IR1:15,IR2:60,US:100
TIME:1:20:11,AM,IR1:15,IR2:60,US:88
TIME:1:20:12,AM,IR1:30,IR2:30,US:79
TIME:1:20:12,AM,IR1:45,IR2:45,US:60
TIME:1:20:13,AM,IR1:45,IR2:30,US:69
TIME:1:20:13,AM,IR1:30,IR2:30,US:60
TIME:1:20:14,AM,IR1:45,IR2:45,US:52
TIME:1:20:14,AM,IR1:30,IR2:30,US:46
TIME:1:20:15,AM,IR1:15,IR2:60,US:40
TIME:1:20:15,AM,IR1:30,IR2:45,US:35
TIME:1:20:16,AM,IR1:30,IR2:30,US:30
TIME:1:20:17,AM,IR1:30,IR2:60,US:24
TIME:1:20:17,AM,IR1:30,IR2:30,US:172
TIME:1:20:18,AM,IR1:15,IR2:45,US:96
TIME:1:20:18,AM,IR1:30,IR2:60,US:157
TIME:1:20:19,AM,IR1:30,IR2:60,US:76
TIME:1:20:19,AM,IR1:30,IR2:45,US:69
TIME:1:20:20,AM,IR1:30,IR2:30,US:65
TIME:1:20:20,AM,IR1:15,IR2:90,US:139
TIME:1:20:21,AM,IR1:15,IR2:30,US:117
TIME:1:20:21,AM,IR1:15,IR2:75,US:113
TIME:1:20:22,AM,IR1:30,IR2:30,US:100
TIME:1:20:23,AM,IR1:45,IR2:30,US:97
TIME:1:20:23,AM,IR1:30,IR2:30,US:92
TIME:1:20:24,AM,IR1:30,IR2:30,US:86
TIME:1:20:24,AM,IR1:30,IR2:30,US:82
TIME:1:20:25,AM,IR1:30,IR2:30,US:78
TIME:1:20:25,AM,IR1:30,IR2:30,US:73
TIME:1:20:26,AM,IR1:30,IR2:30,US:66
TIME:1:20:26,AM,IR1:30,IR2:60,US:60
TIME:1:20:27,AM,IR1:30,IR2:60,US:55
TIME:1:20:28,AM,IR1:30,IR2:45,US:98
TIME:1:20:28,AM,IR1:30,IR2:30,US:82
TIME:1:20:28,AM,IR1:45,IR2:60,US:72
TIME:1:20:29,AM,IR1:30,IR2:30,US:66
TIME:1:20:30,AM,IR1:30,IR2:30,US:60
TIME:1:20:30,AM,IR1:30,IR2:30,US:54
TIME:1:20:31,AM,IR1:30,IR2:30,US:50
TIME:1:20:31,AM,IR1:30,IR2:30,US:44
TIME:1:20:32,AM,IR1:30,IR2:45,US:39
TIME:1:20:32,AM,IR1:15,IR2:30,US:35
TIME:1:20:33,AM,IR1:15,IR2:45,US:31
TIME:1:20:34,AM,IR1:30,IR2:90,US:105
TIME:1:20:34,AM,IR1:30,IR2:30,US:92
TIME:1:20:35,AM,IR1:30,IR2:45,US:84
TIME:1:20:35,AM,IR1:30,IR2:45,US:77
TIME:1:20:36,AM,IR1:30,IR2:30,US:71
TIME:1:20:36,AM,IR1:45,IR2:45,US:66
TIME:1:20:37,AM,IR1:30,IR2:30,US:4
TIME:1:20:37,AM,IR1:30,IR2:30,US:53
TIME:1:20:38,AM,IR1:30,IR2:60,US:48
TIME:1:20:38,AM,IR1:30,IR2:60,US:41
TIME:1:20:39,AM,IR1:30,IR2:30,US:36
TIME:1:20:40,AM,IR1:30,IR2:60,US:71
TIME:1:20:40,AM,IR1:30,IR2:30,US:109
TIME:1:20:41,AM,IR1:30,IR2:75,US:109
TIME:1:20:41,AM,IR1:30,IR2:45,US:67
TIME:1:20:42,AM,IR1:30,IR2:30,US:58
TIME:1:20:42,AM,IR1:60,IR2:90,US:77
TIME:1:20:43,AM,IR1:15,IR2:30,US:71
TIME:1:20:43,AM,IR1:30,IR2:60,US:67
TIME:1:20:44,AM,IR1:30,IR2:30,US:133
TIME:1:20:44,AM,IR1:30,IR2:60,US:110
TIME:1:20:46,AM,IR1:30,IR2:60,US:85
TIME:1:20:46,AM,IR1:30,IR2:30,US:96
TIME:1:20:46,AM,IR1:30,IR2:30,US:90
TIME:1:20:47,AM,IR1:30,IR2:30,US:85
TIME:1:20:47,AM,IR1:30,IR2:30,US:80
TIME:1:20:48,AM,IR1:30,IR2:30,US:75
TIME:1:20:48,AM,IR1:30,IR2:45,US:77
TIME:1:20:49,AM,IR1:45,IR2:45,US:63
TIME:1:20:49,AM,IR1:15,IR2:30,US:57
TIME:1:20:50,AM,IR1:15,IR2:60,US:51
TIME:1:20:50,AM,IR1:30,IR2:60,US:47
TIME:1:20:51,AM,IR1:30,IR2:45,US:91
TIME:1:20:51,AM,IR1:30,IR2:30,US:78
TIME:1:20:52,AM,IR1:30,IR2:45,US:69
TIME:1:20:53,AM,IR1:45,IR2:45,US:60
TIME:1:20:53,AM,IR1:45,IR2:45,US:53
TIME:1:20:54,AM,IR1:30,IR2:45,US:46
TIME:1:20:54,AM,IR1:30,IR2:30,US:39
TIME:1:20:55,AM,IR1:15,IR2:30,US:14
TIME:1:20:55,AM,IR1:30,IR2:60,US:47
TIME:1:20:56,AM,IR1:30,IR2:45,US:95
TIME:1:20:56,AM,IR1:30,IR2:30,US:93
TIME:1:20:57,AM,IR1:30,IR2:30,US:84
TIME:1:20:58,AM,IR1:30,IR2:60,US:77
TIME:1:20:58,AM,IR1:30,IR2:30,US:70
TIME:1:20:59,AM,IR1:60,IR2:60,US:65
TIME:1:21:00,AM,IR1:30,IR2:45,US:64
TIME:1:21:00,AM,IR1:30,IR2:60,US:49
TIME:1:21:01,AM,IR1:30,IR2:60,US:42
TIME:1:21:01,AM,IR1:30,IR2:45,US:111
TIME:1:21:02,AM,IR1:30,IR2:60,US:99
TIME:1:21:02,AM,IR1:30,IR2:45,US:74
TIME:1:21:03,AM,IR1:30,IR2:45,US:83
TIME:1:21:03,AM,IR1:30,IR2:45,US:88
TIME:1:21:04,AM,IR1:30,IR2:45,US:114
TIME:1:21:04,AM,IR1:30,IR2:30,US:97
TIME:1:21:05,AM,IR1:30,IR2:60,US:90
TIME:1:21:06,AM,IR1:30,IR2:30,US:85
TIME:1:21:06,AM,IR1:30,IR2:15,US:56
TIME:1:21:07,AM,IR1:30,IR2:30,US:74
TIME:1:21:07,AM,IR1:30,IR2:45,US:69
TIME:1:21:08,AM,IR1:30,IR2:30,US:63
TIME:1:21:08,AM,IR1:45,IR2:30,US:58
TIME:1:21:09,AM,IR1:45,IR2:15,US:53
TIME:1:21:09,AM,IR1:60,IR2:15,US:51
TIME:1:21:10,AM,IR1:60,IR2:30,US:59
TIME:1:21:11,AM,IR1:60,IR2:15,US:49
TIME:1:21:11,AM,IR1:60,IR2:15,US:44
TIME:1:21:12,AM,IR1:60,IR2:15,US:93
TIME:1:21:12,AM,IR1:45,IR2:30,US:83
TIME:1:21:13,AM,IR1:45,IR2:30,US:76
TIME:1:21:13,AM,IR1:60,IR2:45,US:70
TIME:1:21:14,AM,IR1:30,IR2:30,US:63
TIME:1:21:14,AM,IR1:60,IR2:30,US:57
TIME:1:21:15,AM,IR1:75,IR2:60,US:51
TIME:1:21:15,AM,IR1:45,IR2:30,US:45
TIME:1:21:16,AM,IR1:60,IR2:30,US:38
TIME:1:21:16,AM,IR1:60,IR2:30,US:96
TIME:1:21:17,AM,IR1:60,IR2:30,US:81
TIME:1:21:18,AM,IR1:30,IR2:45,US:73
TIME:1:21:18,AM,IR1:45,IR2:30,US:141
TIME:1:21:19,AM,IR1:30,IR2:60,US:58
TIME:1:21:19,AM,IR1:45,IR2:30,US:51
TIME:1:21:20,AM,IR1:30,IR2:30,US:45
TIME:1:21:20,AM,IR1:45,IR2:30,US:38
TIME:1:21:21,AM,IR1:45,IR2:30,US:32
TIME:1:21:22,AM,IR1:30,IR2:30,US:264
TIME:1:21:22,AM,IR1:60,IR2:15,US:115
TIME:1:21:23,AM,IR1:60,IR2:15,US:65
TIME:1:21:24,AM,IR1:30,IR2:15,US:98
TIME:1:21:24,AM,IR1:60,IR2:30,US:91
TIME:1:21:24,AM,IR1:30,IR2:30,US:86
TIME:1:21:25,AM,IR1:45,IR2:30,US:83
TIME:1:21:26,AM,IR1:45,IR2:30,US:77
TIME:1:21:26,AM,IR1:30,IR2:30,US:71
TIME:1:21:26,AM,IR1:30,IR2:30,US:66
TIME:1:21:27,AM,IR1:30,IR2:60,US:59
TIME:1:21:28,AM,IR1:45,IR2:30,US:53
TIME:1:21:28,AM,IR1:30,IR2:30,US:50
TIME:1:21:29,AM,IR1:45,IR2:30,US:120
TIME:1:21:29,AM,IR1:30,IR2:15,US:111
TIME:1:21:30,AM,IR1:60,IR2:30,US:102
TIME:1:21:30,AM,IR1:30,IR2:30,US:92
TIME:1:21:31,AM,IR1:45,IR2:30,US:85
TIME:1:21:31,AM,IR1:30,IR2:30,US:78
TIME:1:21:32,AM,IR1:45,IR2:30,US:76
TIME:1:21:33,AM,IR1:30,IR2:30,US:65
TIME:1:21:33,AM,IR1:45,IR2:30,US:58
TIME:1:21:34,AM,IR1:30,IR2:45,US:52
TIME:1:21:34,AM,IR1:30,IR2:45,US:46
TIME:1:21:35,AM,IR1:45,IR2:30,US:40
TIME:1:21:35,AM,IR1:30,IR2:30,US:33
TIME:1:21:36,AM,IR1:45,IR2:60,US:31
TIME:1:21:36,AM,IR1:45,IR2:30,US:126
TIME:1:21:37,AM,IR1:60,IR2:30,US:89
TIME:1:21:38,AM,IR1:30,IR2:15,US:82
TIME:1:21:38,AM,IR1:45,IR2:30,US:75
TIME:1:21:39,AM,IR1:30,IR2:45,US:69
TIME:1:21:39,AM,IR1:30,IR2:30,US:64
TIME:1:21:40,AM,IR1:60,IR2:30,US:57
TIME:1:21:40,AM,IR1:30,IR2:45,US:50
TIME:1:21:41,AM,IR1:45,IR2:45,US:43
TIME:1:21:41,AM,IR1:30,IR2:60,US:37
TIME:1:21:42,AM,IR1:60,IR2:15,US:32
TIME:1:21:42,AM,IR1:45,IR2:15,US:121
TIME:1:21:43,AM,IR1:30,IR2:30,US:114
TIME:1:21:43,AM,IR1:60,IR2:30,US:105
TIME:1:21:44,AM,IR1:30,IR2:30,US:99
TIME:1:21:44,AM,IR1:60,IR2:15,US:94
TIME:1:21:45,AM,IR1:30,IR2:30,US:91
TIME:1:21:46,AM,IR1:60,IR2:30,US:115
TIME:1:21:46,AM,IR1:45,IR2:15,US:107
TIME:1:21:47,AM,IR1:30,IR2:30,US:101
TIME:1:21:47,AM,IR1:30,IR2:30,US:94
TIME:1:21:48,AM,IR1:45,IR2:30,US:89
TIME:1:21:49,AM,IR1:45,IR2:30,US:82
TIME:1:21:49,AM,IR1:30,IR2:30,US:76
TIME:1:21:50,AM,IR1:30,IR2:30,US:68
TIME:1:21:50,AM,IR1:15,IR2:60,US:63
TIME:1:21:50,AM,IR1:30,IR2:30,US:60
TIME:1:21:51,AM,IR1:15,IR2:60,US:87
TIME:1:21:52,AM,IR1:15,IR2:45,US:66
TIME:1:21:53,AM,IR1:15,IR2:30,US:57
TIME:1:21:53,AM,IR1:30,IR2:60,US:51
TIME:1:34:42,AM,IR1:60,IR2:30,US:62
TIME:1:34:42,AM,IR1:60,IR2:45,US:56
TIME:1:34:43,AM,IR1:60,IR2:30,US:84
TIME:1:34:43,AM,IR1:45,IR2:45,US:110
TIME:1:34:44,AM,IR1:30,IR2:30,US:99
TIME:1:34:45,AM,IR1:45,IR2:30,US:89
TIME:1:34:45,AM,IR1:45,IR2:30,US:81
TIME:1:34:46,AM,IR1:30,IR2:30,US:71
TIME:1:34:47,AM,IR1:45,IR2:30,US:63
TIME:1:34:47,AM,IR1:45,IR2:45,US:55
TIME:1:34:48,AM,IR1:60,IR2:60,US:48
TIME:1:34:48,AM,IR1:60,IR2:30,US:41
TIME:1:34:49,AM,IR1:60,IR2:30,US:104
TIME:1:34:50,AM,IR1:60,IR2:30,US:94
TIME:1:34:50,AM,IR1:45,IR2:60,US:81
TIME:1:34:51,AM,IR1:30,IR2:30,US:76
TIME:1:34:52,AM,IR1:45,IR2:30,US:69
TIME:1:34:52,AM,IR1:30,IR2:30,US:61
TIME:1:34:53,AM,IR1:45,IR2:30,US:55
TIME:1:34:53,AM,IR1:45,IR2:45,US:47
TIME:1:34:54,AM,IR1:30,IR2:30,US:41
TIME:1:34:55,AM,IR1:45,IR2:30,US:33
TIME:1:34:55,AM,IR1:60,IR2:30,US:27
TIME:1:34:56,AM,IR1:60,IR2:30,US:119
TIME:1:34:56,AM,IR1:60,IR2:30,US:107
TIME:1:34:57,AM,IR1:60,IR2:45,US:97
TIME:1:34:58,AM,IR1:45,IR2:30,US:89
TIME:1:34:58,AM,IR1:60,IR2:30,US:80
TIME:1:34:59,AM,IR1:45,IR2:45,US:70
TIME:1:35:00,AM,IR1:30,IR2:30,US:62
TIME:1:35:00,AM,IR1:45,IR2:60,US:56
TIME:1:35:01,AM,IR1:60,IR2:30,US:48
TIME:1:35:01,AM,IR1:60,IR2:30,US:43
TIME:1:35:02,AM,IR1:60,IR2:30,US:113
TIME:1:35:03,AM,IR1:60,IR2:30,US:102
TIME:1:35:03,AM,IR1:60,IR2:45,US:89
TIME:1:35:04,AM,IR1:45,IR2:30,US:86
TIME:1:35:04,AM,IR1:30,IR2:30,US:79
TIME:1:35:05,AM,IR1:45,IR2:30,US:71
TIME:1:35:06,AM,IR1:45,IR2:30,US:65
TIME:1:35:06,AM,IR1:30,IR2:30,US:59
TIME:1:35:07,AM,IR1:45,IR2:60,US:86
TIME:1:35:08,AM,IR1:45,IR2:30,US:92
TIME:1:35:08,AM,IR1:60,IR2:45,US:81
TIME:1:35:09,AM,IR1:60,IR2:30,US:73
TIME:1:35:09,AM,IR1:60,IR2:45,US:65
TIME:1:35:10,AM,IR1:60,IR2:60,US:57
TIME:1:35:11,AM,IR1:45,IR2:45,US:48
TIME:1:35:11,AM,IR1:30,IR2:45,US:40
TIME:1:35:12,AM,IR1:30,IR2:45,US:32
TIME:1:35:12,AM,IR1:30,IR2:60,US:23
TIME:1:35:13,AM,IR1:30,IR2:60,US:16
TIME:1:35:14,AM,IR1:30,IR2:60,US:116
TIME:1:35:14,AM,IR1:15,IR2:15,US:49
TIME:1:35:15,AM,IR1:15,IR2:0 U,S:48
TIME:1:35:15,AM,IR1:15,IR2:0 U,S:49
TIME:1:35:16,AM,IR1:15,IR2:60,US:47
TIME:1:35:17,AM,IR1:15,IR2:60,US:24
TIME:1:35:17,AM,IR1:15,IR2:45,US:122
TIME:1:35:18,AM,IR1:15,IR2:30,US:123
TIME:1:35:19,AM,IR1:15,IR2:30,US:91
TIME:1:35:19,AM,IR1:30,IR2:45,US:86
TIME:1:35:20,AM,IR1:30,IR2:30,US:79
TIME:1:35:20,AM,IR1:45,IR2:45,US:72
TIME:1:35:21,AM,IR1:30,IR2:30,US:65
TIME:1:35:22,AM,IR1:30,IR2:45,US:58
TIME:1:35:22,AM,IR1:60,IR2:60,US:52
TIME:1:35:23,AM,IR1:60,IR2:45,US:118
TIME:1:35:23,AM,IR1:60,IR2:30,US:108
TIME:1:35:24,AM,IR1:60,IR2:30,US:92
TIME:1:35:25,AM,IR1:60,IR2:90,US:81
TIME:1:35:25,AM,IR1:60,IR2:60,US:71
TIME:1:35:26,AM,IR1:45,IR2:60,US:62
TIME:1:35:27,AM,IR1:30,IR2:30,US:53
TIME:1:35:27,AM,IR1:45,IR2:45,US:44
TIME:1:35:28,AM,IR1:60,IR2:30,US:37
TIME:1:35:28,AM,IR1:60,IR2:30,US:109
TIME:1:35:29,AM,IR1:60,IR2:30,US:94
TIME:1:35:30,AM,IR1:60,IR2:60,US:83
TIME:1:35:30,AM,IR1:45,IR2:30,US:75
TIME:1:35:31,AM,IR1:30,IR2:45,US:68
TIME:1:35:31,AM,IR1:45,IR2:30,US:60
TIME:1:35:32,AM,IR1:60,IR2:60,US:53
TIME:1:35:33,AM,IR1:60,IR2:60,US:45
TIME:1:35:33,AM,IR1:45,IR2:30,US:40
TIME:1:35:34,AM,IR1:45,IR2:30,US:98
TIME:1:35:35,AM,IR1:60,IR2:15,US:85
TIME:1:35:35,AM,IR1:60,IR2:30,US:76
TIME:1:35:36,AM,IR1:45,IR2:30,US:68
TIME:1:35:36,AM,IR1:30,IR2:30,US:60
TIME:1:35:37,AM,IR1:60,IR2:30,US:54
TIME:1:35:38,AM,IR1:45,IR2:30,US:50
TIME:1:35:38,AM,IR1:45,IR2:30,US:103
TIME:1:35:39,AM,IR1:45,IR2:60,US:92
TIME:1:35:39,AM,IR1:45,IR2:75,US:83
TIME:1:35:40,AM,IR1:30,IR2:60,US:75
TIME:1:35:41,AM,IR1:45,IR2:30,US:68
TIME:1:35:41,AM,IR1:30,IR2:45,US:61
TIME:1:35:42,AM,IR1:30,IR2:30,US:56
TIME:1:35:42,AM,IR1:60,IR2:45,US:47
TIME:1:35:43,AM,IR1:45,IR2:15,US:209
TIME:1:35:44,AM,IR1:60,IR2:30,US:103
TIME:1:35:44,AM,IR1:60,IR2:30,US:88
TIME:1:35:45,AM,IR1:60,IR2:60,US:78
TIME:1:35:46,AM,IR1:45,IR2:60,US:69
TIME:1:35:46,AM,IR1:45,IR2:30,US:60
TIME:1:35:47,AM,IR1:60,IR2:30,US:52
TIME:1:35:47,AM,IR1:45,IR2:45,US:44
TIME:1:35:48,AM,IR1:30,IR2:30,US:36
TIME:1:35:49,AM,IR1:45,IR2:30,US:111
TIME:1:35:49,AM,IR1:60,IR2:30,US:96
TIME:1:35:50,AM,IR1:60,IR2:30,US:86
TIME:1:35:50,AM,IR1:60,IR2:30,US:78
TIME:1:35:51,AM,IR1:60,IR2:30,US:73
TIME:1:35:52,AM,IR1:75,IR2:30,US:98
TIME:1:35:52,AM,IR1:60,IR2:30,US:104
TIME:1:35:53,AM,IR1:60,IR2:30,US:95
TIME:1:35:54,AM,IR1:45,IR2:45,US:86
TIME:1:35:54,AM,IR1:45,IR2:45,US:76
TIME:1:35:55,AM,IR1:30,IR2:45,US:67
TIME:1:35:55,AM,IR1:30,IR2:45,US:58
TIME:1:35:56,AM,IR1:45,IR2:30,US:52
TIME:1:35:57,AM,IR1:30,IR2:45,US:72
TIME:1:35:57,AM,IR1:30,IR2:90,US:48
TIME:1:35:58,AM,IR1:30,IR2:60,US:37
TIME:1:35:59,AM,IR1:30,IR2:60,US:29
TIME:1:35:59,AM,IR1:30,IR2:30,US:21
TIME:1:36:00,AM,IR1:30,IR2:60,US:17
TIME:1:36:00,AM,IR1:30,IR2:45,US:92
TIME:1:36:01,AM,IR1:15,IR2:15,US:80
TIME:1:36:02,AM,IR1:15,IR2:0 U,S:77
TIME:1:36:02,AM,IR1:15,IR2:0 U,S:77
TIME:1:36:03,AM,IR1:15,IR2:0 U,S:77
TIME:1:36:03,AM,IR1:15,IR2:15,US:77
TIME:1:36:04,AM,IR1:15,IR2:60,US:78
TIME:1:36:05,AM,IR1:15,IR2:30,US:131
TIME:1:36:05,AM,IR1:15,IR2:45,US:123
TIME:1:36:06,AM,IR1:15,IR2:30,US:120
TIME:1:36:07,AM,IR1:15,IR2:15,US:122
TIME:1:36:07,AM,IR1:15,IR2:0 U,S:62
TIME:1:36:08,AM,IR1:15,IR2:15,US:59
TIME:1:36:08,AM,IR1:60,IR2:60,US:56
TIME:1:36:09,AM,IR1:30,IR2:30,US:48
TIME:1:36:10,AM,IR1:45,IR2:30,US:41
TIME:1:36:10,AM,IR1:45,IR2:30,US:36
TIME:1:36:11,AM,IR1:60,IR2:30,US:115
TIME:1:36:12,AM,IR1:60,IR2:15,US:77
TIME:1:36:12,AM,IR1:60,IR2:60,US:95
TIME:1:36:13,AM,IR1:60,IR2:45,US:86
TIME:1:36:13,AM,IR1:30,IR2:30,US:79
TIME:1:36:14,AM,IR1:45,IR2:45,US:72
TIME:1:36:15,AM,IR1:30,IR2:30,US:66
TIME:1:36:15,AM,IR1:30,IR2:30,US:58
TIME:1:36:16,AM,IR1:60,IR2:60,US:53
TIME:1:36:16,AM,IR1:30,IR2:45,US:46
TIME:1:36:17,AM,IR1:45,IR2:30,US:118
TIME:1:36:18,AM,IR1:60,IR2:30,US:108
TIME:1:36:18,AM,IR1:60,IR2:30,US:98
TIME:1:36:19,AM,IR1:60,IR2:30,US:88
TIME:1:36:19,AM,IR1:60,IR2:45,US:79
TIME:1:36:20,AM,IR1:60,IR2:30,US:70
TIME:1:36:21,AM,IR1:45,IR2:45,US:62
TIME:1:36:21,AM,IR1:30,IR2:30,US:55
TIME:1:36:22,AM,IR1:45,IR2:45,US:46
TIME:1:36:23,AM,IR1:45,IR2:30,US:39
TIME:1:36:23,AM,IR1:60,IR2:30,US:35
TIME:1:36:24,AM,IR1:45,IR2:30,US:101
TIME:1:36:24,AM,IR1:30,IR2:30,US:91
TIME:1:36:25,AM,IR1:30,IR2:60,US:82
TIME:1:36:26,AM,IR1:45,IR2:45,US:74
TIME:1:36:26,AM,IR1:30,IR2:30,US:67
TIME:1:36:27,AM,IR1:30,IR2:60,US:59
TIME:1:36:27,AM,IR1:45,IR2:30,US:51
TIME:1:36:28,AM,IR1:45,IR2:75,US:43
TIME:1:36:29,AM,IR1:45,IR2:30,US:36
TIME:1:36:29,AM,IR1:60,IR2:30,US:112
TIME:1:36:30,AM,IR1:60,IR2:30,US:101
TIME:1:36:30,AM,IR1:45,IR2:30,US:93
TIME:1:36:31,AM,IR1:30,IR2:90,US:86
TIME:1:36:31,AM,IR1:60,IR2:30,US:78
TIME:1:36:32,AM,IR1:30,IR2:30,US:71
TIME:1:36:32,AM,IR1:45,IR2:45,US:64
TIME:1:36:33,AM,IR1:45,IR2:60,US:58
TIME:1:36:34,AM,IR1:30,IR2:15,US:52
TIME:1:36:34,AM,IR1:45,IR2:15,US:48
TIME:1:36:35,AM,IR1:60,IR2:30,US:115
TIME:1:36:35,AM,IR1:45,IR2:30,US:102
TIME:1:36:36,AM,IR1:30,IR2:30,US:95
TIME:1:36:36,AM,IR1:60,IR2:45,US:88
TIME:1:36:37,AM,IR1:30,IR2:30,US:81
TIME:1:36:37,AM,IR1:30,IR2:30,US:75
TIME:1:36:38,AM,IR1:45,IR2:30,US:68
TIME:1:36:38,AM,IR1:30,IR2:30,US:56
TIME:1:36:39,AM,IR1:45,IR2:30,US:56
TIME:1:36:40,AM,IR1:45,IR2:30,US:50
TIME:1:36:40,AM,IR1:60,IR2:45,US:44
TIME:1:36:41,AM,IR1:30,IR2:30,US:37
TIME:1:36:41,AM,IR1:60,IR2:30,US:28
TIME:1:36:42,AM,IR1:45,IR2:30,US:13
TIME:1:36:42,AM,IR1:60,IR2:30,US:35
TIME:1:36:43,AM,IR1:45,IR2:30,US:94
TIME:1:36:43,AM,IR1:45,IR2:30,US:86
TIME:1:36:44,AM,IR1:45,IR2:60,US:78
TIME:1:36:44,AM,IR1:45,IR2:45,US:70
TIME:1:36:45,AM,IR1:60,IR2:30,US:63
TIME:1:36:46,AM,IR1:45,IR2:60,US:56
TIME:1:36:46,AM,IR1:30,IR2:30,US:50
TIME:1:36:47,AM,IR1:30,IR2:30,US:77
TIME:1:36:47,AM,IR1:45,IR2:30,US:110
TIME:1:36:48,AM,IR1:60,IR2:30,US:127
TIME:1:36:49,AM,IR1:60,IR2:30,US:91
TIME:1:36:49,AM,IR1:30,IR2:60,US:81
TIME:1:36:50,AM,IR1:60,IR2:45,US:73
TIME:1:36:50,AM,IR1:60,IR2:45,US:63
TIME:1:36:51,AM,IR1:45,IR2:30,US:55
TIME:1:36:52,AM,IR1:45,IR2:45,US:46
TIME:1:36:52,AM,IR1:45,IR2:30,US:38
TIME:1:36:53,AM,IR1:60,IR2:30,US:33
TIME:1:36:53,AM,IR1:60,IR2:30,US:100
TIME:1:36:54,AM,IR1:45,IR2:30,US:95
TIME:1:36:54,AM,IR1:45,IR2:30,US:75
TIME:1:36:55,AM,IR1:45,IR2:30,US:78
TIME:1:36:55,AM,IR1:45,IR2:60,US:70
TIME:1:36:56,AM,IR1:30,IR2:45,US:61
TIME:1:36:56,AM,IR1:45,IR2:45,US:54
TIME:1:36:57,AM,IR1:60,IR2:60,US:49
TIME:1:36:58,AM,IR1:60,IR2:30,US:111
TIME:1:36:58,AM,IR1:60,IR2:30,US:96
TIME:1:36:59,AM,IR1:60,IR2:30,US:88
TIME:1:36:59,AM,IR1:60,IR2:30,US:80
TIME:1:37:00,AM,IR1:60,IR2:15,US:74
TIME:1:37:00,AM,IR1:60,IR2:15,US:126
TIME:1:37:01,AM,IR1:60,IR2:15,US:97
TIME:1:37:02,AM,IR1:60,IR2:30,US:88
TIME:1:37:02,AM,IR1:60,IR2:30,US:80
TIME:1:37:03,AM,IR1:45,IR2:30,US:73
TIME:1:37:03,AM,IR1:30,IR2:45,US:69
TIME:1:37:04,AM,IR1:30,IR2:60,US:60
TIME:1:37:04,AM,IR1:30,IR2:45,US:55
TIME:1:37:05,AM,IR1:30,IR2:75,US:241
TIME:1:37:05,AM,IR1:45,IR2:60,US:41
TIME:1:37:06,AM,IR1:30,IR2:45,US:34
TIME:1:37:06,AM,IR1:30,IR2:60,US:27
TIME:1:37:07,AM,IR1:30,IR2:30,US:185
TIME:1:37:08,AM,IR1:30,IR2:60,US:84
TIME:1:37:08,AM,IR1:30,IR2:60,US:52
TIME:1:37:09,AM,IR1:30,IR2:60,US:56
TIME:1:37:09,AM,IR1:30,IR2:30,US:49
TIME:1:37:10,AM,IR1:45,IR2:45,US:44
TIME:1:37:10,AM,IR1:30,IR2:45,US:37
TIME:1:37:11,AM,IR1:15,IR2:60,US:30
TIME:1:37:11,AM,IR1:30,IR2:60,US:25
TIME:1:37:12,AM,IR1:15,IR2:30,US:209
TIME:1:37:12,AM,IR1:15,IR2:45,US:114
TIME:1:37:13,AM,IR1:30,IR2:60,US:106
TIME:1:37:13,AM,IR1:30,IR2:75,US:99
TIME:1:37:14,AM,IR1:30,IR2:15,US:53
TIME:1:37:15,AM,IR1:30,IR2:60,US:86
TIME:1:37:15,AM,IR1:30,IR2:30,US:81
TIME:1:37:16,AM,IR1:30,IR2:30,US:76
TIME:1:37:16,AM,IR1:60,IR2:30,US:70
TIME:1:37:17,AM,IR1:30,IR2:45,US:64
TIME:1:37:17,AM,IR1:30,IR2:45,US:57
TIME:1:37:18,AM,IR1:30,IR2:60,US:51
TIME:1:37:18,AM,IR1:30,IR2:60,US:44
TIME:1:37:19,AM,IR1:15,IR2:30,US:38
TIME:1:37:19,AM,IR1:15,IR2:45,US:35
TIME:1:37:20,AM,IR1:15,IR2:60,US:81
TIME:1:37:21,AM,IR1:30,IR2:45,US:99
TIME:1:37:21,AM,IR1:30,IR2:45,US:107
TIME:1:37:22,AM,IR1:60,IR2:60,US:99
TIME:1:37:22,AM,IR1:30,IR2:30,US:92
TIME:1:37:23,AM,IR1:45,IR2:30,US:85
TIME:1:37:23,AM,IR1:30,IR2:30,US:80
TIME:1:37:24,AM,IR1:30,IR2:45,US:73
TIME:1:37:25,AM,IR1:30,IR2:30,US:60
TIME:1:37:25,AM,IR1:30,IR2:60,US:41
TIME:1:37:26,AM,IR1:45,IR2:30,US:54
TIME:1:37:26,AM,IR1:30,IR2:30,US:46
TIME:1:37:27,AM,IR1:30,IR2:45,US:40
TIME:1:37:27,AM,IR1:30,IR2:60,US:32
TIME:1:37:28,AM,IR1:45,IR2:60,US:23
TIME:1:37:28,AM,IR1:45,IR2:60,US:25
TIME:1:37:29,AM,IR1:30,IR2:60,US:116
TIME:1:37:30,AM,IR1:30,IR2:60,US:52
TIME:1:37:30,AM,IR1:30,IR2:60,US:109
TIME:1:37:31,AM,IR1:30,IR2:30,US:84
TIME:1:37:31,AM,IR1:45,IR2:30,US:86
TIME:1:37:32,AM,IR1:60,IR2:30,US:79
TIME:1:37:32,AM,IR1:30,IR2:45,US:70
TIME:1:37:33,AM,IR1:45,IR2:45,US:63
TIME:1:37:33,AM,IR1:30,IR2:60,US:55
TIME:1:37:34,AM,IR1:45,IR2:60,US:47
TIME:1:37:35,AM,IR1:45,IR2:45,US:40
TIME:1:37:35,AM,IR1:30,IR2:30,US:38
TIME:1:37:36,AM,IR1:30,IR2:45,US:128
TIME:1:37:36,AM,IR1:30,IR2:60,US:112
TIME:1:37:37,AM,IR1:30,IR2:60,US:105
TIME:1:37:37,AM,IR1:30,IR2:30,US:98
TIME:1:37:38,AM,IR1:45,IR2:30,US:92
TIME:1:37:38,AM,IR1:30,IR2:30,US:86
TIME:1:37:39,AM,IR1:30,IR2:60,US:81
TIME:1:37:39,AM,IR1:45,IR2:30,US:74
TIME:1:37:40,AM,IR1:45,IR2:60,US:68
TIME:1:37:41,AM,IR1:30,IR2:30,US:60
TIME:1:37:41,AM,IR1:30,IR2:60,US:53
TIME:1:37:42,AM,IR1:30,IR2:30,US:47
TIME:1:37:42,AM,IR1:30,IR2:30,US:44
TIME:1:37:43,AM,IR1:30,IR2:60,US:220
TIME:1:37:43,AM,IR1:30,IR2:45,US:211
TIME:1:37:44,AM,IR1:30,IR2:60,US:108
TIME:1:37:44,AM,IR1:30,IR2:45,US:104
TIME:1:37:45,AM,IR1:30,IR2:30,US:91
TIME:1:37:45,AM,IR1:30,IR2:30,US:87
TIME:1:37:46,AM,IR1:30,IR2:30,US:80
TIME:1:37:47,AM,IR1:30,IR2:30,US:75
TIME:1:37:47,AM,IR1:30,IR2:60,US:68
TIME:1:37:48,AM,IR1:45,IR2:90,US:49
TIME:1:37:48,AM,IR1:30,IR2:60,US:134
TIME:1:37:49,AM,IR1:30,IR2:90,US:126
TIME:1:37:49,AM,IR1:30,IR2:60,US:101
TIME:1:37:50,AM,IR1:30,IR2:45,US:97
TIME:1:37:50,AM,IR1:30,IR2:45,US:90
TIME:1:37:51,AM,IR1:30,IR2:60,US:82
TIME:1:37:52,AM,IR1:30,IR2:45,US:79
TIME:1:37:52,AM,IR1:45,IR2:60,US:231
TIME:1:37:53,AM,IR1:30,IR2:60,US:82
TIME:1:37:53,AM,IR1:30,IR2:30,US:73
TIME:1:37:54,AM,IR1:30,IR2:30,US:66
TIME:1:37:54,AM,IR1:75,IR2:30,US:59
TIME:1:37:55,AM,IR1:60,IR2:15,US:52
TIME:1:37:55,AM,IR1:75,IR2:45,US:74
TIME:1:37:56,AM,IR1:60,IR2:30,US:46
TIME:1:37:57,AM,IR1:75,IR2:15,US:42
TIME:1:37:57,AM,IR1:60,IR2:15,US:81
TIME:1:37:58,AM,IR1:60,IR2:60,US:80
TIME:1:37:58,AM,IR1:45,IR2:60,US:71
TIME:1:37:59,AM,IR1:45,IR2:30,US:151
TIME:1:37:59,AM,IR1:30,IR2:30,US:58
TIME:1:38:00,AM,IR1:45,IR2:30,US:52
TIME:1:38:00,AM,IR1:30,IR2:45,US:48
TIME:1:38:01,AM,IR1:60,IR2:30,US:41
TIME:1:38:01,AM,IR1:60,IR2:15,US:98
TIME:1:38:02,AM,IR1:60,IR2:15,US:83
TIME:1:38:02,AM,IR1:60,IR2:45,US:75
TIME:1:38:03,AM,IR1:30,IR2:30,US:67
TIME:1:38:04,AM,IR1:45,IR2:60,US:65
TIME:1:38:04,AM,IR1:30,IR2:30,US:55
TIME:1:38:05,AM,IR1:45,IR2:45,US:50
TIME:1:38:05,AM,IR1:30,IR2:30,US:216
TIME:1:38:06,AM,IR1:45,IR2:30,US:110
TIME:1:38:06,AM,IR1:30,IR2:30,US:106
TIME:1:38:07,AM,IR1:45,IR2:30,US:98
TIME:1:38:07,AM,IR1:45,IR2:30,US:91
TIME:1:38:08,AM,IR1:45,IR2:30,US:80
TIME:1:38:09,AM,IR1:60,IR2:60,US:72
TIME:1:38:09,AM,IR1:45,IR2:45,US:64
TIME:1:38:10,AM,IR1:45,IR2:15,US:56
TIME:1:38:10,AM,IR1:60,IR2:60,US:50
TIME:1:38:11,AM,IR1:60,IR2:30,US:43
TIME:1:38:11,AM,IR1:45,IR2:45,US:39
TIME:1:38:12,AM,IR1:30,IR2:15,US:118
TIME:1:38:12,AM,IR1:45,IR2:60,US:265
TIME:1:38:13,AM,IR1:45,IR2:30,US:99
TIME:1:38:13,AM,IR1:45,IR2:45,US:92
TIME:1:38:14,AM,IR1:30,IR2:60,US:85
TIME:1:38:15,AM,IR1:45,IR2:60,US:78
TIME:1:38:15,AM,IR1:30,IR2:30,US:72
TIME:1:38:16,AM,IR1:45,IR2:30,US:56
TIME:1:38:16,AM,IR1:30,IR2:30,US:61
TIME:1:38:17,AM,IR1:60,IR2:15,US:31
TIME:1:38:17,AM,IR1:30,IR2:15,US:120
TIME:1:38:18,AM,IR1:60,IR2:30,US:104
TIME:1:38:18,AM,IR1:30,IR2:15,US:98
TIME:1:38:19,AM,IR1:60,IR2:15,US:90
TIME:1:38:20,AM,IR1:30,IR2:45,US:83
TIME:1:38:20,AM,IR1:60,IR2:30,US:76
TIME:1:38:21,AM,IR1:30,IR2:30,US:68
TIME:1:38:21,AM,IR1:45,IR2:45,US:61
TIME:1:38:22,AM,IR1:30,IR2:60,US:55
TIME:1:38:22,AM,IR1:45,IR2:30,US:49
TIME:1:38:23,AM,IR1:45,IR2:15,US:44
TIME:1:38:23,AM,IR1:30,IR2:15,US:41
TIME:1:38:24,AM,IR1:60,IR2:30,US:105
TIME:1:38:24,AM,IR1:30,IR2:30,US:96
TIME:1:38:25,AM,IR1:60,IR2:30,US:89
TIME:1:38:26,AM,IR1:30,IR2:30,US:81
TIME:1:38:26,AM,IR1:45,IR2:30,US:75
TIME:1:38:27,AM,IR1:30,IR2:30,US:69
TIME:1:38:27,AM,IR1:30,IR2:30,US:63
TIME:1:38:28,AM,IR1:60,IR2:60,US:57
TIME:1:38:28,AM,IR1:45,IR2:30,US:52
TIME:1:38:29,AM,IR1:45,IR2:60,US:49
TIME:1:38:29,AM,IR1:45,IR2:15,US:118
TIME:1:38:30,AM,IR1:60,IR2:30,US:101
TIME:1:38:30,AM,IR1:30,IR2:30,US:92
TIME:1:38:31,AM,IR1:45,IR2:30,US:84
TIME:1:38:32,AM,IR1:60,IR2:60,US:77
TIME:1:38:32,AM,IR1:60,IR2:45,US:68
TIME:1:38:33,AM,IR1:60,IR2:30,US:59
TIME:1:38:33,AM,IR1:60,IR2:90,US:51
TIME:1:38:34,AM,IR1:60,IR2:30,US:33
TIME:1:38:34,AM,IR1:60,IR2:30,US:149
TIME:1:38:35,AM,IR1:60,IR2:60,US:82
TIME:1:38:35,AM,IR1:60,IR2:30,US:74
TIME:1:38:36,AM,IR1:30,IR2:30,US:66
TIME:1:38:37,AM,IR1:60,IR2:30,US:59
TIME:1:38:37,AM,IR1:45,IR2:60,US:51
TIME:1:38:38,AM,IR1:30,IR2:60,US:45
TIME:1:38:38,AM,IR1:60,IR2:30,US:39
TIME:1:38:39,AM,IR1:45,IR2:60,US:37
TIME:1:38:39,AM,IR1:45,IR2:30,US:104
TIME:1:38:40,AM,IR1:45,IR2:15,US:93
TIME:1:38:40,AM,IR1:60,IR2:45,US:90
TIME:1:38:41,AM,IR1:60,IR2:30,US:79
TIME:1:38:42,AM,IR1:60,IR2:15,US:63
TIME:1:38:42,AM,IR1:60,IR2:15,US:107
TIME:1:38:43,AM,IR1:45,IR2:30,US:100
TIME:1:38:43,AM,IR1:30,IR2:30,US:90
TIME:1:38:44,AM,IR1:15,IR2:30,US:190
TIME:1:38:44,AM,IR1:30,IR2:60,US:73
TIME:1:38:45,AM,IR1:15,IR2:60,US:92
TIME:1:38:45,AM,IR1:30,IR2:30,US:55
TIME:1:38:46,AM,IR1:30,IR2:30,US:45
TIME:1:38:47,AM,IR1:30,IR2:60,US:37
TIME:1:38:47,AM,IR1:30,IR2:90,US:31
TIME:1:38:48,AM,IR1:30,IR2:90,US:26
TIME:1:38:48,AM,IR1:30,IR2:60,US:140
TIME:1:38:49,AM,IR1:45,IR2:60,US:67
TIME:1:38:49,AM,IR1:30,IR2:60,US:54
TIME:1:38:50,AM,IR1:30,IR2:60,US:56
TIME:1:38:50,AM,IR1:30,IR2:60,US:37
TIME:1:38:51,AM,IR1:30,IR2:60,US:32
TIME:1:38:51,AM,IR1:30,IR2:90,US:18
TIME:1:38:52,AM,IR1:30,IR2:60,US:114
TIME:1:38:53,AM,IR1:30,IR2:60,US:104
TIME:1:38:53,AM,IR1:45,IR2:45,US:95
TIME:1:38:54,AM,IR1:45,IR2:30,US:87
TIME:1:38:54,AM,IR1:30,IR2:45,US:81
TIME:1:38:55,AM,IR1:60,IR2:30,US:65
TIME:1:38:55,AM,IR1:30,IR2:30,US:67
TIME:1:38:56,AM,IR1:45,IR2:60,US:61
TIME:1:38:56,AM,IR1:30,IR2:30,US:55
TIME:1:38:57,AM,IR1:30,IR2:45,US:49
TIME:1:38:57,AM,IR1:30,IR2:45,US:43
TIME:1:38:58,AM,IR1:30,IR2:30,US:35
TIME:1:38:59,AM,IR1:30,IR2:75,US:32
TIME:1:38:59,AM,IR1:30,IR2:45,US:115
TIME:1:39:00,AM,IR1:30,IR2:60,US:119
TIME:1:39:00,AM,IR1:30,IR2:60,US:100
TIME:1:39:01,AM,IR1:30,IR2:60,US:93
TIME:1:39:01,AM,IR1:60,IR2:60,US:87
TIME:1:39:02,AM,IR1:30,IR2:30,US:80
TIME:1:39:02,AM,IR1:30,IR2:15,US:75
TIME:1:39:03,AM,IR1:30,IR2:45,US:69
TIME:1:39:04,AM,IR1:30,IR2:30,US:65
TIME:1:39:04,AM,IR1:30,IR2:30,US:58
TIME:1:39:05,AM,IR1:30,IR2:30,US:52
TIME:1:39:05,AM,IR1:30,IR2:90,US:47
TIME:1:39:06,AM,IR1:30,IR2:60,US:194
TIME:1:39:06,AM,IR1:30,IR2:90,US:127
TIME:1:39:07,AM,IR1:30,IR2:45,US:114
TIME:1:39:07,AM,IR1:30,IR2:30,US:107
TIME:1:39:08,AM,IR1:30,IR2:45,US:97
TIME:1:39:09,AM,IR1:30,IR2:30,US:90
TIME:1:39:09,AM,IR1:45,IR2:15,US:85
TIME:1:39:10,AM,IR1:30,IR2:60,US:78
TIME:1:39:10,AM,IR1:45,IR2:30,US:71
TIME:1:39:11,AM,IR1:30,IR2:30,US:66
TIME:1:39:11,AM,IR1:45,IR2:30,US:59
TIME:1:39:12,AM,IR1:45,IR2:45,US:53
TIME:1:39:12,AM,IR1:30,IR2:30,US:47
TIME:1:39:13,AM,IR1:30,IR2:60,US:41
TIME:1:39:13,AM,IR1:30,IR2:30,US:34
TIME:1:39:14,AM,IR1:30,IR2:30,US:28
TIME:1:39:15,AM,IR1:15,IR2:45,US:83
TIME:1:39:15,AM,IR1:30,IR2:90,US:113
TIME:1:39:16,AM,IR1:30,IR2:60,US:103
TIME:1:39:16,AM,IR1:30,IR2:90,US:95
TIME:1:39:17,AM,IR1:30,IR2:45,US:88
TIME:1:39:17,AM,IR1:30,IR2:30,US:83
TIME:1:39:18,AM,IR1:60,IR2:30,US:76
TIME:1:39:18,AM,IR1:30,IR2:60,US:69
TIME:1:39:19,AM,IR1:45,IR2:30,US:60
TIME:1:39:19,AM,IR1:30,IR2:30,US:53
TIME:1:39:20,AM,IR1:30,IR2:75,US:46
TIME:1:39:20,AM,IR1:30,IR2:60,US:41
TIME:1:39:21,AM,IR1:30,IR2:60,US:36
TIME:1:39:22,AM,IR1:30,IR2:45,US:106
TIME:1:39:22,AM,IR1:30,IR2:60,US:95
TIME:1:39:23,AM,IR1:30,IR2:45,US:86
TIME:1:39:23,AM,IR1:30,IR2:30,US:79
TIME:1:39:24,AM,IR1:60,IR2:30,US:72
TIME:1:39:24,AM,IR1:30,IR2:75,US:65
TIME:1:39:25,AM,IR1:45,IR2:30,US:58
TIME:1:39:26,AM,IR1:45,IR2:30,US:52
TIME:1:39:26,AM,IR1:15,IR2:60,US:47
TIME:1:39:27,AM,IR1:30,IR2:30,US:90
TIME:1:39:27,AM,IR1:30,IR2:45,US:34
TIME:1:39:28,AM,IR1:30,IR2:60,US:40
TIME:1:39:28,AM,IR1:30,IR2:90,US:124
TIME:1:39:29,AM,IR1:30,IR2:45,US:96
TIME:1:39:29,AM,IR1:30,IR2:90,US:89
TIME:1:39:30,AM,IR1:30,IR2:15,US:83
TIME:1:39:31,AM,IR1:30,IR2:15,US:79
TIME:1:39:31,AM,IR1:30,IR2:30,US:73
TIME:1:39:32,AM,IR1:45,IR2:30,US:62
TIME:1:39:32,AM,IR1:30,IR2:30,US:60
TIME:1:39:33,AM,IR1:30,IR2:45,US:54
TIME:1:39:33,AM,IR1:30,IR2:60,US:48
TIME:1:39:34,AM,IR1:30,IR2:30,US:224
TIME:1:39:34,AM,IR1:30,IR2:60,US:217
TIME:1:39:35,AM,IR1:30,IR2:30,US:110
TIME:1:39:36,AM,IR1:30,IR2:45,US:101
TIME:1:39:36,AM,IR1:30,IR2:30,US:87
TIME:1:39:37,AM,IR1:30,IR2:45,US:86
TIME:1:39:37,AM,IR1:30,IR2:30,US:81
TIME:1:39:38,AM,IR1:30,IR2:90,US:74
TIME:1:39:38,AM,IR1:60,IR2:30,US:67
TIME:1:39:39,AM,IR1:60,IR2:90,US:59
TIME:1:39:39,AM,IR1:30,IR2:30,US:51
TIME:1:39:40,AM,IR1:30,IR2:45,US:183
TIME:1:39:41,AM,IR1:30,IR2:90,US:36
TIME:1:39:41,AM,IR1:30,IR2:60,US:31
TIME:1:39:42,AM,IR1:30,IR2:60,US:117
TIME:1:39:42,AM,IR1:30,IR2:60,US:108
TIME:1:39:43,AM,IR1:30,IR2:60,US:99
TIME:1:39:43,AM,IR1:30,IR2:60,US:90
TIME:1:39:44,AM,IR1:60,IR2:60,US:83
TIME:1:39:44,AM,IR1:30,IR2:90,US:78
TIME:1:39:45,AM,IR1:45,IR2:30,US:89
TIME:1:39:45,AM,IR1:30,IR2:45,US:107
TIME:1:39:46,AM,IR1:30,IR2:30,US:104
TIME:1:39:46,AM,IR1:45,IR2:45,US:99
TIME:1:39:47,AM,IR1:30,IR2:30,US:91
TIME:1:39:48,AM,IR1:30,IR2:15,US:105
TIME:1:39:48,AM,IR1:30,IR2:30,US:47
TIME:1:39:49,AM,IR1:60,IR2:75,US:39
TIME:1:39:49,AM,IR1:30,IR2:30,US:32
TIME:1:39:50,AM,IR1:30,IR2:45,US:85
TIME:1:39:50,AM,IR1:30,IR2:30,US:73
TIME:1:39:51,AM,IR1:30,IR2:45,US:64
TIME:1:39:51,AM,IR1:15,IR2:60,US:55
TIME:1:39:52,AM,IR1:15,IR2:30,US:49
TIME:1:39:53,AM,IR1:60,IR2:45,US:114
TIME:1:39:53,AM,IR1:45,IR2:30,US:117
TIME:1:39:54,AM,IR1:45,IR2:30,US:114
TIME:1:39:54,AM,IR1:45,IR2:60,US:27
TIME:1:39:55,AM,IR1:45,IR2:45,US:22
TIME:1:39:55,AM,IR1:30,IR2:30,US:100
TIME:1:39:56,AM,IR1:15,IR2:105,US:88
TIME:1:39:56,AM,IR1:15,IR2:0 U,S:83
TIME:1:39:57,AM,IR1:15,IR2:0 U,S:82
TIME:1:39:58,AM,IR1:15,IR2:0 U,S:82
TIME:1:39:58,AM,IR1:15,IR2:0 U,S:82
TIME:1:39:59,AM,IR1:15,IR2:30,US:80
TIME:1:39:59,AM,IR1:15,IR2:30,US:76
TIME:1:40:00,AM,IR1:15,IR2:60,US:148
TIME:1:40:00,AM,IR1:45,IR2:60,US:44
TIME:1:40:01,AM,IR1:15,IR2:30,US:112
TIME:1:40:01,AM,IR1:30,IR2:0 U,S:103
TIME:1:40:02,AM,IR1:45,IR2:30,US:109
TIME:1:40:03,AM,IR1:30,IR2:0 U,S:400
TIME:1:40:03,AM,IR1:60,IR2:15,US:59
TIME:1:40:04,AM,IR1:15,IR2:30,US:52
TIME:1:40:04,AM,IR1:15,IR2:0 U,S:49
TIME:1:40:05,AM,IR1:15,IR2:45,US:96
TIME:1:40:05,AM,IR1:30,IR2:30,US:132
TIME:1:40:06,AM,IR1:30,IR2:45,US:98
TIME:1:40:07,AM,IR1:30,IR2:75,US:89
TIME:1:40:07,AM,IR1:30,IR2:30,US:375
TIME:1:40:08,AM,IR1:30,IR2:30,US:74
TIME:1:40:08,AM,IR1:30,IR2:30,US:68
TIME:1:40:09,AM,IR1:60,IR2:30,US:61
TIME:1:40:09,AM,IR1:45,IR2:30,US:52
TIME:1:40:10,AM,IR1:15,IR2:45,US:45
TIME:1:40:10,AM,IR1:15,IR2:45,US:38
TIME:1:40:11,AM,IR1:15,IR2:30,US:33
TIME:1:40:12,AM,IR1:15,IR2:60,US:32
TIME:1:40:12,AM,IR1:15,IR2:30,US:115
TIME:1:40:13,AM,IR1:15,IR2:30,US:192
TIME:1:40:13,AM,IR1:15,IR2:30,US:108
TIME:1:40:14,AM,IR1:15,IR2:45,US:57
TIME:1:40:14,AM,IR1:15,IR2:30,US:54
TIME:1:40:15,AM,IR1:15,IR2:30,US:107
TIME:1:40:16,AM,IR1:15,IR2:30,US:104
TIME:1:40:16,AM,IR1:15,IR2:45,US:109
TIME:1:40:17,AM,IR1:15,IR2:30,US:111
TIME:1:40:17,AM,IR1:15,IR2:30,US:27
TIME:1:40:18,AM,IR1:15,IR2:30,US:25
TIME:1:40:18,AM,IR1:15,IR2:30,US:25
TIME:1:40:19,AM,IR1:15,IR2:60,US:43
TIME:1:40:19,AM,IR1:15,IR2:90,US:31
TIME:1:40:20,AM,IR1:45,IR2:60,US:117
TIME:1:40:20,AM,IR1:15,IR2:60,US:107
TIME:1:40:21,AM,IR1:30,IR2:60,US:99
TIME:1:40:22,AM,IR1:30,IR2:30,US:92
TIME:1:40:22,AM,IR1:30,IR2:30,US:86
TIME:1:40:23,AM,IR1:30,IR2:30,US:89
TIME:1:40:23,AM,IR1:30,IR2:60,US:76
TIME:1:40:24,AM,IR1:30,IR2:30,US:69
TIME:1:40:24,AM,IR1:30,IR2:15,US:65
TIME:1:40:25,AM,IR1:60,IR2:60,US:76
TIME:1:40:25,AM,IR1:60,IR2:15,US:51
TIME:1:40:26,AM,IR1:60,IR2:30,US:55
TIME:1:40:26,AM,IR1:30,IR2:0 U,S:22
TIME:1:40:27,AM,IR1:60,IR2:60,US:14
TIME:1:40:27,AM,IR1:60,IR2:45,US:9
TIME:1:40:28,AM,IR1:30,IR2:15,US:6
TIME:1:40:29,AM,IR1:15,IR2:0 U,S:95
TIME:1:40:29,AM,IR1:15,IR2:0 U,S:108
TIME:1:40:30,AM,IR1:15,IR2:0 U,S:97
TIME:1:40:30,AM,IR1:75,IR2:0 U,S:93
TIME:1:40:31,AM,IR1:45,IR2:30,US:85
TIME:1:40:31,AM,IR1:30,IR2:30,US:79
TIME:1:40:32,AM,IR1:30,IR2:30,US:149
TIME:1:40:32,AM,IR1:45,IR2:30,US:142
TIME:1:40:33,AM,IR1:60,IR2:30,US:115
TIME:1:40:34,AM,IR1:45,IR2:45,US:105
TIME:1:40:34,AM,IR1:45,IR2:30,US:97
TIME:1:40:35,AM,IR1:30,IR2:60,US:90
TIME:1:40:35,AM,IR1:30,IR2:30,US:85
TIME:1:40:36,AM,IR1:30,IR2:30,US:101
TIME:1:40:36,AM,IR1:30,IR2:30,US:95
TIME:1:40:37,AM,IR1:15,IR2:0 U,S:85
TIME:1:40:37,AM,IR1:45,IR2:30,US:75
TIME:1:40:38,AM,IR1:30,IR2:30,US:66
TIME:1:40:39,AM,IR1:30,IR2:30,US:57
TIME:1:40:39,AM,IR1:60,IR2:30,US:64
TIME:1:40:40,AM,IR1:30,IR2:30,US:45
TIME:1:40:40,AM,IR1:45,IR2:15,US:41
TIME:1:40:41,AM,IR1:60,IR2:15,US:56
TIME:1:40:41,AM,IR1:30,IR2:30,US:82
TIME:1:40:42,AM,IR1:45,IR2:30,US:75
TIME:1:40:42,AM,IR1:45,IR2:30,US:69
TIME:1:40:43,AM,IR1:30,IR2:30,US:61
TIME:1:40:44,AM,IR1:60,IR2:30,US:54
TIME:1:40:44,AM,IR1:30,IR2:60,US:47
TIME:1:40:45,AM,IR1:45,IR2:30,US:40
TIME:1:40:45,AM,IR1:45,IR2:30,US:34
TIME:1:40:46,AM,IR1:30,IR2:15,US:30
TIME:1:40:46,AM,IR1:45,IR2:0 U,S:110
TIME:1:40:47,AM,IR1:60,IR2:90,US:101
TIME:1:40:47,AM,IR1:45,IR2:30,US:93
TIME:1:40:48,AM,IR1:45,IR2:30,US:87
TIME:1:40:48,AM,IR1:30,IR2:30,US:81
TIME:1:40:49,AM,IR1:45,IR2:60,US:63
TIME:1:40:49,AM,IR1:30,IR2:30,US:70
TIME:1:40:50,AM,IR1:30,IR2:30,US:64
TIME:1:40:51,AM,IR1:75,IR2:30,US:61
TIME:1:40:51,AM,IR1:30,IR2:30,US:57
TIME:1:40:52,AM,IR1:30,IR2:30,US:55
TIME:1:40:52,AM,IR1:30,IR2:30,US:105
TIME:1:40:53,AM,IR1:30,IR2:30,US:107
TIME:1:40:53,AM,IR1:30,IR2:30,US:97
TIME:1:40:54,AM,IR1:45,IR2:30,US:90
TIME:1:40:54,AM,IR1:30,IR2:30,US:85
TIME:1:40:55,AM,IR1:30,IR2:30,US:80
TIME:1:40:56,AM,IR1:30,IR2:0 U,S:76
TIME:1:40:56,AM,IR1:30,IR2:45,US:71
TIME:1:40:57,AM,IR1:30,IR2:60,US:66
TIME:1:40:57,AM,IR1:45,IR2:30,US:61
TIME:1:40:58,AM,IR1:45,IR2:30,US:56
TIME:1:40:58,AM,IR1:30,IR2:90,US:51
TIME:1:40:59,AM,IR1:45,IR2:30,US:44
TIME:1:40:59,AM,IR1:45,IR2:30,US:123
TIME:1:41:00,AM,IR1:30,IR2:30,US:104
TIME:1:41:01,AM,IR1:90,IR2:90,US:104
TIME:1:41:01,AM,IR1:60,IR2:30,US:95
TIME:1:41:02,AM,IR1:30,IR2:30,US:88
TIME:1:41:02,AM,IR1:30,IR2:30,US:82
TIME:1:41:03,AM,IR1:30,IR2:30,US:77
TIME:1:41:03,AM,IR1:30,IR2:30,US:366
TIME:1:41:04,AM,IR1:30,IR2:0 U,S:65
TIME:1:41:04,AM,IR1:30,IR2:30,US:61
TIME:1:41:05,AM,IR1:30,IR2:30,US:56
TIME:1:41:06,AM,IR1:60,IR2:30,US:209
TIME:1:41:06,AM,IR1:30,IR2:30,US:42
TIME:1:41:07,AM,IR1:45,IR2:60,US:37
TIME:1:41:07,AM,IR1:30,IR2:30,US:32
TIME:1:41:08,AM,IR1:60,IR2:15,US:29
TIME:1:41:08,AM,IR1:45,IR2:15,US:81
TIME:1:41:09,AM,IR1:30,IR2:30,US:102
TIME:1:41:09,AM,IR1:60,IR2:30,US:96
TIME:1:41:10,AM,IR1:30,IR2:30,US:89
TIME:1:41:10,AM,IR1:45,IR2:30,US:83
TIME:1:41:11,AM,IR1:30,IR2:30,US:78
TIME:1:41:11,AM,IR1:30,IR2:30,US:73
TIME:1:41:12,AM,IR1:30,IR2:60,US:67
TIME:1:41:13,AM,IR1:45,IR2:30,US:60
TIME:1:41:13,AM,IR1:30,IR2:30,US:54
TIME:1:41:14,AM,IR1:60,IR2:60,US:48
TIME:1:41:14,AM,IR1:30,IR2:30,US:66
TIME:1:41:15,AM,IR1:30,IR2:60,US:113
TIME:1:41:15,AM,IR1:45,IR2:30,US:104
TIME:1:41:16,AM,IR1:30,IR2:30,US:97
TIME:1:41:16,AM,IR1:30,IR2:0 U,S:91
TIME:1:41:17,AM,IR1:60,IR2:15,US:85
TIME:1:41:18,AM,IR1:30,IR2:30,US:83
TIME:1:41:18,AM,IR1:45,IR2:30,US:73
TIME:1:41:19,AM,IR1:60,IR2:60,US:61
TIME:1:41:19,AM,IR1:30,IR2:30,US:61
TIME:1:41:20,AM,IR1:60,IR2:60,US:112
TIME:1:41:20,AM,IR1:45,IR2:15,US:96
TIME:1:41:21,AM,IR1:30,IR2:30,US:88
TIME:1:41:21,AM,IR1:60,IR2:30,US:300
TIME:1:41:22,AM,IR1:30,IR2:60,US:74
TIME:1:41:22,AM,IR1:30,IR2:45,US:68
TIME:1:41:23,AM,IR1:30,IR2:30,US:62
TIME:1:41:24,AM,IR1:45,IR2:60,US:57
TIME:1:41:24,AM,IR1:30,IR2:30,US:50
TIME:1:41:25,AM,IR1:30,IR2:0 U,S:45
TIME:1:41:25,AM,IR1:45,IR2:15,US:121
TIME:1:41:26,AM,IR1:60,IR2:60,US:231
TIME:1:41:26,AM,IR1:60,IR2:30,US:102
TIME:1:41:27,AM,IR1:45,IR2:15,US:97
TIME:1:41:27,AM,IR1:45,IR2:45,US:86
TIME:1:41:28,AM,IR1:30,IR2:30,US:79
TIME:1:41:28,AM,IR1:60,IR2:60,US:71
TIME:1:41:29,AM,IR1:60,IR2:30,US:63
TIME:1:41:30,AM,IR1:45,IR2:30,US:56
TIME:1:41:30,AM,IR1:45,IR2:30,US:51
TIME:1:41:31,AM,IR1:45,IR2:30,US:109
TIME:1:41:31,AM,IR1:60,IR2:30,US:101
TIME:1:41:32,AM,IR1:45,IR2:45,US:93
TIME:1:41:32,AM,IR1:30,IR2:30,US:85
TIME:1:41:33,AM,IR1:60,IR2:60,US:77
TIME:1:41:33,AM,IR1:30,IR2:0 U,S:70
TIME:1:41:34,AM,IR1:30,IR2:0 U,S:65
TIME:1:41:34,AM,IR1:15,IR2:0 U,S:64
TIME:1:41:35,AM,IR1:15,IR2:0 U,S:63
TIME:1:41:36,AM,IR1:15,IR2:0 U,S:64
TIME:1:41:36,AM,IR1:15,IR2:0 U,S:64
TIME:1:41:37,AM,IR1:15,IR2:0 U,S:64
TIME:1:41:37,AM,IR1:15,IR2:0 U,S:64
TIME:1:41:38,AM,IR1:15,IR2:60,US:64
TIME:1:41:38,AM,IR1:15,IR2:210,US:50
TIME:1:41:39,AM,IR1:15,IR2:45,US:59
TIME:1:41:39,AM,IR1:15,IR2:30,US:67
TIME:1:41:40,AM,IR1:15,IR2:30,US:25
TIME:1:41:40,AM,IR1:15,IR2:90,US:35
TIME:1:41:41,AM,IR1:15,IR2:30,US:86
TIME:1:41:42,AM,IR1:15,IR2:30,US:76
TIME:1:41:42,AM,IR1:15,IR2:30,US:74
TIME:1:41:43,AM,IR1:15,IR2:0 U,S:72
TIME:1:41:43,AM,IR1:15,IR2:0 U,S:69
TIME:1:41:44,AM,IR1:45,IR2:30,US:72
TIME:1:41:44,AM,IR1:30,IR2:30,US:72
TIME:1:41:45,AM,IR1:45,IR2:45,US:57
TIME:1:41:45,AM,IR1:60,IR2:45,US:52
TIME:1:41:46,AM,IR1:45,IR2:60,US:49
TIME:1:41:46,AM,IR1:30,IR2:15,US:43
TIME:1:41:47,AM,IR1:30,IR2:30,US:39
TIME:1:41:47,AM,IR1:30,IR2:60,US:31
TIME:1:41:48,AM,IR1:15,IR2:0 U,S:22
TIME:1:41:49,AM,IR1:15,IR2:0 U,S:22
TIME:1:41:49,AM,IR1:15,IR2:30,US:22
TIME:1:41:50,AM,IR1:15,IR2:60,US:23
TIME:1:41:50,AM,IR1:15,IR2:30,US:99
TIME:1:41:51,AM,IR1:15,IR2:45,US:127
TIME:1:41:51,AM,IR1:15,IR2:30,US:123
TIME:1:41:52,AM,IR1:30,IR2:60,US:111
TIME:1:41:52,AM,IR1:30,IR2:30,US:105
TIME:1:41:53,AM,IR1:45,IR2:30,US:94
TIME:1:41:53,AM,IR1:45,IR2:30,US:33
TIME:1:41:54,AM,IR1:30,IR2:15,US:26
TIME:1:41:55,AM,IR1:30,IR2:0 U,S:20
TIME:1:41:55,AM,IR1:45,IR2:30,US:43
TIME:1:41:56,AM,IR1:45,IR2:30,US:74
TIME:1:41:56,AM,IR1:30,IR2:15,US:78
TIME:1:41:57,AM,IR1:45,IR2:15,US:73
TIME:1:41:57,AM,IR1:30,IR2:15,US:68
TIME:1:41:58,AM,IR1:30,IR2:30,US:66
TIME:1:41:58,AM,IR1:30,IR2:60,US:70
TIME:1:41:59,AM,IR1:30,IR2:45,US:59
TIME:1:42:00,AM,IR1:15,IR2:30,US:47
TIME:1:42:00,AM,IR1:30,IR2:45,US:41
TIME:1:42:01,AM,IR1:15,IR2:60,US:36
TIME:1:42:01,AM,IR1:45,IR2:60,US:116
TIME:1:42:02,AM,IR1:30,IR2:30,US:400
TIME:1:42:02,AM,IR1:30,IR2:60,US:96
TIME:1:42:03,AM,IR1:45,IR2:30,US:90
TIME:1:42:03,AM,IR1:45,IR2:30,US:83
TIME:1:42:04,AM,IR1:30,IR2:45,US:56
TIME:1:42:05,AM,IR1:45,IR2:45,US:70
TIME:1:42:05,AM,IR1:30,IR2:30,US:64
TIME:1:42:06,AM,IR1:30,IR2:60,US:57
TIME:1:42:06,AM,IR1:15,IR2:60,US:50
TIME:1:42:07,AM,IR1:15,IR2:45,US:46
TIME:1:42:07,AM,IR1:30,IR2:45,US:104
TIME:1:42:08,AM,IR1:30,IR2:60,US:108
TIME:1:42:08,AM,IR1:30,IR2:60,US:98
TIME:1:42:09,AM,IR1:15,IR2:30,US:91
TIME:1:42:10,AM,IR1:30,IR2:30,US:86
TIME:1:42:10,AM,IR1:30,IR2:30,US:79
TIME:1:42:11,AM,IR1:45,IR2:45,US:72
TIME:1:42:11,AM,IR1:45,IR2:30,US:66
TIME:1:42:12,AM,IR1:30,IR2:60,US:58
TIME:1:42:12,AM,IR1:15,IR2:30,US:52
TIME:1:42:13,AM,IR1:30,IR2:30,US:48
TIME:1:42:13,AM,IR1:45,IR2:60,US:110
TIME:1:42:14,AM,IR1:15,IR2:60,US:103
TIME:1:42:14,AM,IR1:30,IR2:30,US:93
TIME:1:42:15,AM,IR1:30,IR2:15,US:88
TIME:1:42:16,AM,IR1:30,IR2:15,US:85
TIME:1:42:16,AM,IR1:30,IR2:30,US:82
TIME:1:42:17,AM,IR1:15,IR2:45,US:78
TIME:1:42:17,AM,IR1:30,IR2:30,US:72
TIME:1:42:18,AM,IR1:15,IR2:45,US:65
TIME:1:42:18,AM,IR1:15,IR2:30,US:59
TIME:1:42:19,AM,IR1:30,IR2:30,US:52
TIME:1:42:19,AM,IR1:75,IR2:30,US:47
TIME:1:42:20,AM,IR1:30,IR2:30,US:180
TIME:1:42:20,AM,IR1:30,IR2:30,US:35
TIME:1:42:21,AM,IR1:30,IR2:60,US:35
TIME:1:42:21,AM,IR1:30,IR2:60,US:22
TIME:1:42:22,AM,IR1:30,IR2:90,US:18
TIME:1:42:23,AM,IR1:30,IR2:30,US:102
TIME:1:42:23,AM,IR1:30,IR2:45,US:94
TIME:1:42:24,AM,IR1:30,IR2:30,US:88
TIME:1:42:24,AM,IR1:30,IR2:30,US:45
TIME:1:42:25,AM,IR1:30,IR2:30,US:77
TIME:1:42:25,AM,IR1:30,IR2:15,US:71
TIME:1:42:26,AM,IR1:15,IR2:0 U,S:68
